player_id,player_name,team_id,team_name,nationality,position,age,height,weight,dominant_foot,rating,metric_type,metric_value,duelWon,passSuccess,assist,shotOnTarget,api_date,extract_time
277,Alan Sebastiao Alexandre,4,Công An Hà Nội,Brazil,Tiền đạo trung tâm,27,189.0,82.0,2,0.0,GOAL_FOR,8.0,0,2,2,12,2025-11-19,2025-11-19 20:38:47
1492,Imoh Fred Friday,31,Hải Phòng,Nigeria,Tiền đạo trung tâm,30,187.0,90.0,2,0.0,GOAL_FOR,7.0,0,3,3,14,2025-11-19,2025-11-19 20:38:48
613,Rodrigues Gustavo Henrique,97,Ninh Bình,Việt Nam,,30,183.0,75.0,2,0.0,GOAL_FOR,5.0,0,0,0,8,2025-11-19,2025-11-19 20:38:48
384,Nguyễn Hoàng Đức,97,Ninh Bình,Việt Nam,,27,183.0,74.0,2,0.0,GOAL_FOR,5.0,0,4,4,9,2025-11-19,2025-11-19 20:38:49
261,ARTUR DE MELO LEONARDO,4,Công An Hà Nội,Brazil,Tiền đạo trung tâm,30,177.0,68.0,2,0.0,GOAL_FOR,5.0,0,3,3,8,2025-11-19,2025-11-19 20:38:50
111,Tagueu Tadjo Diederrick Joel,31,Hải Phòng,Cameroon,Tiền đạo trung tâm,31,178.0,70.0,2,0.0,GOAL_FOR,5.0,0,0,0,8,2025-11-19,2025-11-19 20:38:50
1699,Milan Makaric,43,SHB Đà Nẵng,Serbia,Tiền đạo trung tâm phải,30,185.0,76.0,2,0.0,GOAL_FOR,4.0,0,0,0,8,2025-11-19,2025-11-19 20:38:51
1681,Daniel Da Silva Dos Anjos,97,Ninh Bình,Bồ Đào Nha,,29,180.0,88.0,2,0.0,GOAL_FOR,4.0,0,3,2,10,2025-11-19,2025-11-19 20:38:51
1609,Floro Da Silva Daniel,19,Hà Nội,Brazil,Tiền đạo trung tâm,29,184.0,85.0,2,0.0,GOAL_FOR,4.0,0,1,1,12,2025-11-19,2025-11-19 20:38:52
1453,Ugochukwu Ogbonnaya OduenyI,40,BECAMEX HCM CITY,Nigeria,Tiền đạo cắm,29,0.0,0.0,2,0.0,GOAL_FOR,4.0,0,0,0,10,2025-11-19,2025-11-19 20:38:52
389,Trương Tiến Anh,34,Thể Công – Viettel,Việt Nam,Tiền vệ trung tâm trái,26,168.0,68.0,2,0.0,ASSIST,4.0,0,4,4,2,2025-11-19,2025-11-19 20:38:53
384,Nguyễn Hoàng Đức,97,Ninh Bình,Việt Nam,,27,183.0,74.0,2,0.0,ASSIST,4.0,0,4,4,9,2025-11-19,2025-11-19 20:38:53
257,Đỗ Thanh Thịnh,97,Ninh Bình,Việt Nam,,27,169.0,75.0,2,0.0,ASSIST,4.0,0,4,4,3,2025-11-19,2025-11-19 20:38:54
1492,Imoh Fred Friday,31,Hải Phòng,Nigeria,Tiền đạo trung tâm,30,187.0,90.0,2,0.0,ASSIST,3.0,0,3,3,14,2025-11-19,2025-11-19 20:38:55
1270,Nguyễn Hữu Nam,31,Hải Phòng,Việt Nam,Tiền vệ trung tâm,24,176.0,65.0,2,0.0,ASSIST,3.0,0,3,3,3,2025-11-19,2025-11-19 20:38:55
993,Lê Văn Thuận,37,Đông Á Thanh Hóa,Việt Nam,Tiền vệ trung tâm,19,176.0,61.0,2,0.0,ASSIST,3.0,0,3,3,11,2025-11-19,2025-11-19 20:38:57
261,ARTUR DE MELO LEONARDO,4,Công An Hà Nội,Brazil,Tiền đạo trung tâm,30,177.0,68.0,2,0.0,ASSIST,3.0,0,3,3,8,2025-11-19,2025-11-19 20:38:57
24,Lê Quang Hùng,28,Công an TP.HCM,Việt Nam,Hậu vệ phải,33,165.0,65.0,2,0.0,ASSIST,3.0,0,3,3,1,2025-11-19,2025-11-19 20:38:58
1744,Makrillos Peter,28,Công an TP.HCM,Brazil,Tiền đạo trung tâm,30,0.0,0.0,2,0.0,ASSIST,2.0,0,2,2,5,2025-11-19,2025-11-19 20:38:58
1741,Luiz Fernando Nascimento,19,Hà Nội,Brazil,Tiền đạo trung tâm,28,0.0,0.0,2,0.0,ASSIST,2.0,0,2,2,6,2025-11-19,2025-11-19 20:38:59
1858,William Lee,28,Công an TP.HCM,Anh,Tiền đạo trung tâm,18,190.0,75.0,2,0.0,INTERCEPTION_WON,0.0,0,0,0,4,2025-11-19,2025-11-19 20:38:59
1786,Percy Muzi Tau,1,Thép Xanh Nam Định,Nam Phi,Tiền vệ trung tâm,31,168.0,64.0,2,0.0,INTERCEPTION_WON,0.0,0,0,0,5,2025-11-19,2025-11-19 20:39:00
1783,Nguyễn Phương Nam,52,PVF - CAND,Việt Nam,Trung vệ,22,174.0,690.0,2,0.0,INTERCEPTION_WON,0.0,0,0,0,0,2025-11-19,2025-11-19 20:39:00
1780,De Oliveira Coelho Marco Antonino,52,PVF - CAND,Brazil,Tiền vệ trung tâm,25,180.0,75.0,2,0.0,INTERCEPTION_WON,0.0,0,0,0,0,2025-11-19,2025-11-19 20:39:01
1762,Lê Khá Đức,28,Công an TP.HCM,Việt Nam,Trung vệ,18,169.0,64.0,2,0.0,INTERCEPTION_WON,0.0,0,0,0,0,2025-11-19,2025-11-19 20:39:01
1744,Makrillos Peter,28,Công an TP.HCM,Brazil,Tiền đạo trung tâm,30,0.0,0.0,2,0.0,INTERCEPTION_WON,0.0,0,2,2,5,2025-11-19,2025-11-19 20:39:02
1741,Luiz Fernando Nascimento,19,Hà Nội,Brazil,Tiền đạo trung tâm,28,0.0,0.0,2,0.0,INTERCEPTION_WON,0.0,0,2,2,6,2025-11-19,2025-11-19 20:39:02
1738,Schorr Utzig Raphael,28,Công an TP.HCM,Brazil,Tiền đạo trung tâm,29,0.0,0.0,2,0.0,INTERCEPTION_WON,0.0,0,1,1,0,2025-11-19,2025-11-19 20:39:03
1735,Huỳnh Minh Đoàn,37,Đông Á Thanh Hóa,Việt Nam,Trung vệ,23,0.0,0.0,2,0.0,INTERCEPTION_WON,0.0,0,0,0,0,2025-11-19,2025-11-19 20:39:03
1732,Origbaajo Ismaila,40,BECAMEX HCM CITY,Nigeria,Tiền đạo cắm,27,188.0,76.0,2,0.0,INTERCEPTION_WON,0.0,0,0,0,5,2025-11-19,2025-11-19 20:39:03
1492,Imoh Fred Friday,31,Hải Phòng,Nigeria,Tiền đạo trung tâm,30,187.0,90.0,2,0.0,SHOT_ON_TARGET,14.0,0,3,3,14,2025-11-19,2025-11-19 20:39:04
1609,Floro Da Silva Daniel,19,Hà Nội,Brazil,Tiền đạo trung tâm,29,184.0,85.0,2,0.0,SHOT_ON_TARGET,12.0,0,1,1,12,2025-11-19,2025-11-19 20:39:04
277,Alan Sebastiao Alexandre,4,Công An Hà Nội,Brazil,Tiền đạo trung tâm,27,189.0,82.0,2,0.0,SHOT_ON_TARGET,12.0,0,2,2,12,2025-11-19,2025-11-19 20:39:05
120,Goncalves Silva Lucas Vinicius,34,Thể Công – Viettel,Brazil,Tiền vệ tấn công trung tâm,34,184.0,80.0,2,0.0,SHOT_ON_TARGET,12.0,0,2,2,12,2025-11-19,2025-11-19 20:39:05
84,Luiz Antonio De Souza Soares,31,Hải Phòng,Brazil,Tiền vệ cánh phải,34,181.0,80.0,2,0.0,SHOT_ON_TARGET,12.0,0,1,1,12,2025-11-19,2025-11-19 20:39:06
993,Lê Văn Thuận,37,Đông Á Thanh Hóa,Việt Nam,Tiền vệ trung tâm,19,176.0,61.0,2,0.0,SHOT_ON_TARGET,11.0,0,3,3,11,2025-11-19,2025-11-19 20:39:08
1702,Henen David Boris Philippe,43,SHB Đà Nẵng,Bỉ,Tiền đạo trung tâm,29,186.0,79.0,2,0.0,SHOT_ON_TARGET,10.0,0,1,1,10,2025-11-19,2025-11-19 20:39:08
1681,Daniel Da Silva Dos Anjos,97,Ninh Bình,Bồ Đào Nha,,29,180.0,88.0,2,0.0,SHOT_ON_TARGET,10.0,0,3,2,10,2025-11-19,2025-11-19 20:39:09
1486,Brenner Marlos Varanda De Oliveria,1,Thép Xanh Nam Định,Brazil,Tiền đạo trung tâm,31,193.0,76.0,2,0.0,SHOT_ON_TARGET,10.0,0,2,1,10,2025-11-19,2025-11-19 20:39:09
1453,Ugochukwu Ogbonnaya OduenyI,40,BECAMEX HCM CITY,Nigeria,Tiền đạo cắm,29,0.0,0.0,2,0.0,SHOT_ON_TARGET,10.0,0,0,0,10,2025-11-19,2025-11-19 20:39:10
1489,Romulo Da Silva Machado,1,Thép Xanh Nam Định,Brazil,Tiền vệ trung tâm,29,182.0,79.0,2,0.0,SHOT_ON_TARGET_OUTSIDE,7.0,0,0,0,7,2025-11-19,2025-11-19 20:39:11
84,Luiz Antonio De Souza Soares,31,Hải Phòng,Brazil,Tiền vệ cánh phải,34,181.0,80.0,2,0.0,SHOT_ON_TARGET_OUTSIDE,7.0,0,1,1,12,2025-11-19,2025-11-19 20:39:11
993,Lê Văn Thuận,37,Đông Á Thanh Hóa,Việt Nam,Tiền vệ trung tâm,19,176.0,61.0,2,0.0,SHOT_ON_TARGET_OUTSIDE,6.0,0,3,3,11,2025-11-19,2025-11-19 20:39:12
319,Hồ Khắc Ngọc,13,Sông Lam Nghệ An,Việt Nam,Tiền vệ phòng ngự phải,33,170.0,60.0,2,0.0,SHOT_ON_TARGET_OUTSIDE,5.0,0,1,1,6,2025-11-19,2025-11-19 20:39:12
287,Olaha Michael Onyedikachi,13,Sông Lam Nghệ An,Nigeria,Tiền đạo trung tâm,28,180.0,78.0,2,0.0,SHOT_ON_TARGET_OUTSIDE,5.0,0,2,1,10,2025-11-19,2025-11-19 20:39:12
277,Alan Sebastiao Alexandre,4,Công An Hà Nội,Brazil,Tiền đạo trung tâm,27,189.0,82.0,2,0.0,SHOT_ON_TARGET_OUTSIDE,5.0,0,2,2,12,2025-11-19,2025-11-19 20:39:13
261,ARTUR DE MELO LEONARDO,4,Công An Hà Nội,Brazil,Tiền đạo trung tâm,30,177.0,68.0,2,0.0,SHOT_ON_TARGET_OUTSIDE,5.0,0,3,3,8,2025-11-19,2025-11-19 20:39:13
120,Goncalves Silva Lucas Vinicius,34,Thể Công – Viettel,Brazil,Tiền vệ tấn công trung tâm,34,184.0,80.0,2,0.0,SHOT_ON_TARGET_OUTSIDE,5.0,0,2,2,12,2025-11-19,2025-11-19 20:39:14
95,Nguyễn Hai Long,19,Hà Nội,Việt Nam,Tiền vệ trung tâm,25,168.0,63.0,2,0.0,SHOT_ON_TARGET_OUTSIDE,5.0,0,1,1,9,2025-11-19,2025-11-19 20:39:14
1702,Henen David Boris Philippe,43,SHB Đà Nẵng,Bỉ,Tiền đạo trung tâm,29,186.0,79.0,2,0.0,SHOT_ON_TARGET_OUTSIDE,4.0,0,1,1,10,2025-11-19,2025-11-19 20:39:15
389,Trương Tiến Anh,34,Thể Công – Viettel,Việt Nam,Tiền vệ trung tâm trái,26,168.0,68.0,2,0.0,PASS_SUCCESS,4.0,0,4,4,2,2025-11-19,2025-11-19 20:39:15
384,Nguyễn Hoàng Đức,97,Ninh Bình,Việt Nam,,27,183.0,74.0,2,0.0,PASS_SUCCESS,4.0,0,4,4,9,2025-11-19,2025-11-19 20:39:16
257,Đỗ Thanh Thịnh,97,Ninh Bình,Việt Nam,,27,169.0,75.0,2,0.0,PASS_SUCCESS,4.0,0,4,4,3,2025-11-19,2025-11-19 20:39:16
1681,Daniel Da Silva Dos Anjos,97,Ninh Bình,Bồ Đào Nha,,29,180.0,88.0,2,0.0,PASS_SUCCESS,3.0,0,3,2,10,2025-11-19,2025-11-19 20:39:16
1492,Imoh Fred Friday,31,Hải Phòng,Nigeria,Tiền đạo trung tâm,30,187.0,90.0,2,0.0,PASS_SUCCESS,3.0,0,3,3,14,2025-11-19,2025-11-19 20:39:17
1270,Nguyễn Hữu Nam,31,Hải Phòng,Việt Nam,Tiền vệ trung tâm,24,176.0,65.0,2,0.0,PASS_SUCCESS,3.0,0,3,3,3,2025-11-19,2025-11-19 20:39:19
993,Lê Văn Thuận,37,Đông Á Thanh Hóa,Việt Nam,Tiền vệ trung tâm,19,176.0,61.0,2,0.0,PASS_SUCCESS,3.0,0,3,3,11,2025-11-19,2025-11-19 20:39:20
261,ARTUR DE MELO LEONARDO,4,Công An Hà Nội,Brazil,Tiền đạo trung tâm,30,177.0,68.0,2,0.0,PASS_SUCCESS,3.0,0,3,3,8,2025-11-19,2025-11-19 20:39:20
43,Nguyễn Quang Hải,4,Công An Hà Nội,Việt Nam,Tiền vệ tấn công trung tâm,28,166.0,65.0,2,0.0,PASS_SUCCESS,3.0,0,3,2,7,2025-11-19,2025-11-19 20:39:21
24,Lê Quang Hùng,28,Công an TP.HCM,Việt Nam,Hậu vệ phải,33,165.0,65.0,2,0.0,PASS_SUCCESS,3.0,0,3,3,1,2025-11-19,2025-11-19 20:39:22
1858,William Lee,28,Công an TP.HCM,Anh,Tiền đạo trung tâm,18,190.0,75.0,2,0.0,DRIBBLED_WON,0.0,0,0,0,4,2025-11-19,2025-11-19 20:39:22
1786,Percy Muzi Tau,1,Thép Xanh Nam Định,Nam Phi,Tiền vệ trung tâm,31,168.0,64.0,2,0.0,DRIBBLED_WON,0.0,0,0,0,5,2025-11-19,2025-11-19 20:39:23
1783,Nguyễn Phương Nam,52,PVF - CAND,Việt Nam,Trung vệ,22,174.0,690.0,2,0.0,DRIBBLED_WON,0.0,0,0,0,0,2025-11-19,2025-11-19 20:39:23
1780,De Oliveira Coelho Marco Antonino,52,PVF - CAND,Brazil,Tiền vệ trung tâm,25,180.0,75.0,2,0.0,DRIBBLED_WON,0.0,0,0,0,0,2025-11-19,2025-11-19 20:39:24
1762,Lê Khá Đức,28,Công an TP.HCM,Việt Nam,Trung vệ,18,169.0,64.0,2,0.0,DRIBBLED_WON,0.0,0,0,0,0,2025-11-19,2025-11-19 20:39:24
1744,Makrillos Peter,28,Công an TP.HCM,Brazil,Tiền đạo trung tâm,30,0.0,0.0,2,0.0,DRIBBLED_WON,0.0,0,2,2,5,2025-11-19,2025-11-19 20:39:24
1741,Luiz Fernando Nascimento,19,Hà Nội,Brazil,Tiền đạo trung tâm,28,0.0,0.0,2,0.0,DRIBBLED_WON,0.0,0,2,2,6,2025-11-19,2025-11-19 20:39:25
1738,Schorr Utzig Raphael,28,Công an TP.HCM,Brazil,Tiền đạo trung tâm,29,0.0,0.0,2,0.0,DRIBBLED_WON,0.0,0,1,1,0,2025-11-19,2025-11-19 20:39:25
1735,Huỳnh Minh Đoàn,37,Đông Á Thanh Hóa,Việt Nam,Trung vệ,23,0.0,0.0,2,0.0,DRIBBLED_WON,0.0,0,0,0,0,2025-11-19,2025-11-19 20:39:26
1732,Origbaajo Ismaila,40,BECAMEX HCM CITY,Nigeria,Tiền đạo cắm,27,188.0,76.0,2,0.0,DRIBBLED_WON,0.0,0,0,0,5,2025-11-19,2025-11-19 20:39:26
1858,William Lee,28,Công an TP.HCM,Anh,Tiền đạo trung tâm,18,190.0,75.0,2,0.0,AERIAL_WON,0.0,0,0,0,4,2025-11-19,2025-11-19 20:39:27
1786,Percy Muzi Tau,1,Thép Xanh Nam Định,Nam Phi,Tiền vệ trung tâm,31,168.0,64.0,2,0.0,AERIAL_WON,0.0,0,0,0,5,2025-11-19,2025-11-19 20:39:27
1783,Nguyễn Phương Nam,52,PVF - CAND,Việt Nam,Trung vệ,22,174.0,690.0,2,0.0,AERIAL_WON,0.0,0,0,0,0,2025-11-19,2025-11-19 20:39:28
1780,De Oliveira Coelho Marco Antonino,52,PVF - CAND,Brazil,Tiền vệ trung tâm,25,180.0,75.0,2,0.0,AERIAL_WON,0.0,0,0,0,0,2025-11-19,2025-11-19 20:39:28
1762,Lê Khá Đức,28,Công an TP.HCM,Việt Nam,Trung vệ,18,169.0,64.0,2,0.0,AERIAL_WON,0.0,0,0,0,0,2025-11-19,2025-11-19 20:39:29
1744,Makrillos Peter,28,Công an TP.HCM,Brazil,Tiền đạo trung tâm,30,0.0,0.0,2,0.0,AERIAL_WON,0.0,0,2,2,5,2025-11-19,2025-11-19 20:39:29
1741,Luiz Fernando Nascimento,19,Hà Nội,Brazil,Tiền đạo trung tâm,28,0.0,0.0,2,0.0,AERIAL_WON,0.0,0,2,2,6,2025-11-19,2025-11-19 20:39:30
1738,Schorr Utzig Raphael,28,Công an TP.HCM,Brazil,Tiền đạo trung tâm,29,0.0,0.0,2,0.0,AERIAL_WON,0.0,0,1,1,0,2025-11-19,2025-11-19 20:39:30
1735,Huỳnh Minh Đoàn,37,Đông Á Thanh Hóa,Việt Nam,Trung vệ,23,0.0,0.0,2,0.0,AERIAL_WON,0.0,0,0,0,0,2025-11-19,2025-11-19 20:39:31
1732,Origbaajo Ismaila,40,BECAMEX HCM CITY,Nigeria,Tiền đạo cắm,27,188.0,76.0,2,0.0,AERIAL_WON,0.0,0,0,0,5,2025-11-19,2025-11-19 20:39:31
993,Lê Văn Thuận,37,Đông Á Thanh Hóa,Việt Nam,Tiền vệ trung tâm,19,176.0,61.0,2,0.0,PASS_CROSS_WON,3.0,0,3,3,11,2025-11-19,2025-11-19 20:39:32
1741,Luiz Fernando Nascimento,19,Hà Nội,Brazil,Tiền đạo trung tâm,28,0.0,0.0,2,0.0,PASS_CROSS_WON,2.0,0,2,2,6,2025-11-19,2025-11-19 20:39:33
389,Trương Tiến Anh,34,Thể Công – Viettel,Việt Nam,Tiền vệ trung tâm trái,26,168.0,68.0,2,0.0,PASS_CROSS_WON,2.0,0,4,4,2,2025-11-19,2025-11-19 20:39:34
384,Nguyễn Hoàng Đức,97,Ninh Bình,Việt Nam,,27,183.0,74.0,2,0.0,PASS_CROSS_WON,2.0,0,4,4,9,2025-11-19,2025-11-19 20:39:35
356,Hoàng Vĩnh Nguyên,7,Hoàng Anh Gia Lai,Việt Nam,Tiền vệ trung tâm phải,23,170.0,60.0,2,0.0,PASS_CROSS_WON,2.0,0,2,2,0,2025-11-19,2025-11-19 20:39:36
300,Mai Sỹ Hoàng,16,Hồng Lĩnh Hà Tĩnh,Việt Nam,Hậu vệ trái,26,171.0,60.0,2,0.0,PASS_CROSS_WON,2.0,0,2,2,1,2025-11-19,2025-11-19 20:39:37
24,Lê Quang Hùng,28,Công an TP.HCM,Việt Nam,Hậu vệ phải,33,165.0,65.0,2,0.0,PASS_CROSS_WON,2.0,0,3,3,1,2025-11-19,2025-11-19 20:39:37
1744,Makrillos Peter,28,Công an TP.HCM,Brazil,Tiền đạo trung tâm,30,0.0,0.0,2,0.0,PASS_CROSS_WON,1.0,0,2,2,5,2025-11-19,2025-11-19 20:39:37
1681,Daniel Da Silva Dos Anjos,97,Ninh Bình,Bồ Đào Nha,,29,180.0,88.0,2,0.0,PASS_CROSS_WON,1.0,0,3,2,10,2025-11-19,2025-11-19 20:39:38
1648,Nguyễn Đức Phú,28,Công an TP.HCM,Việt Nam,Tiền vệ trung tâm,22,170.0,60.0,2,0.0,PASS_CROSS_WON,1.0,0,1,1,2,2025-11-19,2025-11-19 20:39:38
1858,William Lee,28,Công an TP.HCM,Anh,Tiền đạo trung tâm,18,190.0,75.0,2,0.0,DUEL_TACKLE_WON,0.0,0,0,0,4,2025-11-19,2025-11-19 20:39:39
1786,Percy Muzi Tau,1,Thép Xanh Nam Định,Nam Phi,Tiền vệ trung tâm,31,168.0,64.0,2,0.0,DUEL_TACKLE_WON,0.0,0,0,0,5,2025-11-19,2025-11-19 20:39:39
1783,Nguyễn Phương Nam,52,PVF - CAND,Việt Nam,Trung vệ,22,174.0,690.0,2,0.0,DUEL_TACKLE_WON,0.0,0,0,0,0,2025-11-19,2025-11-19 20:39:40
1780,De Oliveira Coelho Marco Antonino,52,PVF - CAND,Brazil,Tiền vệ trung tâm,25,180.0,75.0,2,0.0,DUEL_TACKLE_WON,0.0,0,0,0,0,2025-11-19,2025-11-19 20:39:40
1762,Lê Khá Đức,28,Công an TP.HCM,Việt Nam,Trung vệ,18,169.0,64.0,2,0.0,DUEL_TACKLE_WON,0.0,0,0,0,0,2025-11-19,2025-11-19 20:39:41
1744,Makrillos Peter,28,Công an TP.HCM,Brazil,Tiền đạo trung tâm,30,0.0,0.0,2,0.0,DUEL_TACKLE_WON,0.0,0,2,2,5,2025-11-19,2025-11-19 20:39:42
1741,Luiz Fernando Nascimento,19,Hà Nội,Brazil,Tiền đạo trung tâm,28,0.0,0.0,2,0.0,DUEL_TACKLE_WON,0.0,0,2,2,6,2025-11-19,2025-11-19 20:39:44
1738,Schorr Utzig Raphael,28,Công an TP.HCM,Brazil,Tiền đạo trung tâm,29,0.0,0.0,2,0.0,DUEL_TACKLE_WON,0.0,0,1,1,0,2025-11-19,2025-11-19 20:39:44
1735,Huỳnh Minh Đoàn,37,Đông Á Thanh Hóa,Việt Nam,Trung vệ,23,0.0,0.0,2,0.0,DUEL_TACKLE_WON,0.0,0,0,0,0,2025-11-19,2025-11-19 20:39:45
1732,Origbaajo Ismaila,40,BECAMEX HCM CITY,Nigeria,Tiền đạo cắm,27,188.0,76.0,2,0.0,DUEL_TACKLE_WON,0.0,0,0,0,5,2025-11-19,2025-11-19 20:39:45
1249,Nguyễn Thái Quốc Cường,28,Công an TP.HCM,Việt Nam,Tiền vệ trung tâm,21,173.0,67.0,2,0.0,FOULED,6.0,0,1,1,4,2025-11-19,2025-11-19 20:39:46
1639,Nguyễn Thanh Nhàn,52,PVF - CAND,Việt Nam,Tiền đạo trung tâm,22,173.0,69.0,2,0.0,FOULED,5.0,0,0,0,4,2025-11-19,2025-11-19 20:39:47
1492,Imoh Fred Friday,31,Hải Phòng,Nigeria,Tiền đạo trung tâm,30,187.0,90.0,2,0.0,FOULED,4.0,0,3,3,14,2025-11-19,2025-11-19 20:39:47
94,Nguyễn Văn Quyết,19,Hà Nội,Việt Nam,Tiền đạo phụ,34,172.0,65.0,2,0.0,FOULED,4.0,0,2,2,7,2025-11-19,2025-11-19 20:39:48
1498,Bùi Văn Bình,28,Công an TP.HCM,Việt Nam,Tiền đạo trung tâm,21,178.0,74.0,2,0.0,FOULED,3.0,0,0,0,4,2025-11-19,2025-11-19 20:39:49
1255,Amarildo Aparecido De Souza Junior,52,PVF - CAND,Brzail,Tiền đạo trung tâm,26,182.0,80.0,2,0.0,FOULED,3.0,0,0,0,4,2025-11-19,2025-11-19 20:39:50
454,Phạm Trung Hiếu,31,Hải Phòng,Việt Nam,Hậu vệ phải,27,169.0,65.0,2,0.0,FOULED,3.0,0,0,0,0,2025-11-19,2025-11-19 20:39:54
24,Lê Quang Hùng,28,Công an TP.HCM,Việt Nam,Hậu vệ phải,33,165.0,65.0,2,0.0,FOULED,3.0,0,3,3,1,2025-11-19,2025-11-19 20:39:55
1636,Nguyễn Xuân Bắc,52,PVF - CAND,Việt Nam,Tiền vệ trung tâm,22,174.0,66.0,2,0.0,FOULED,2.0,0,1,1,2,2025-11-19,2025-11-19 20:39:56
123,Lê Mạnh Dũng,31,Hải Phòng,Việt Nam,Tiền vệ phòng ngự trung tâm,31,172.0,70.0,2,0.0,FOULED,2.0,0,1,1,1,2025-11-19,2025-11-19 20:39:57
1858,William Lee,28,Công an TP.HCM,Anh,Tiền đạo trung tâm,18,190.0,75.0,2,0.0,GOALKEEPER_SAVED,0.0,0,0,0,4,2025-11-19,2025-11-19 20:39:57
1786,Percy Muzi Tau,1,Thép Xanh Nam Định,Nam Phi,Tiền vệ trung tâm,31,168.0,64.0,2,0.0,GOALKEEPER_SAVED,0.0,0,0,0,5,2025-11-19,2025-11-19 20:39:58
1783,Nguyễn Phương Nam,52,PVF - CAND,Việt Nam,Trung vệ,22,174.0,690.0,2,0.0,GOALKEEPER_SAVED,0.0,0,0,0,0,2025-11-19,2025-11-19 20:39:59
1780,De Oliveira Coelho Marco Antonino,52,PVF - CAND,Brazil,Tiền vệ trung tâm,25,180.0,75.0,2,0.0,GOALKEEPER_SAVED,0.0,0,0,0,0,2025-11-19,2025-11-19 20:40:00
1762,Lê Khá Đức,28,Công an TP.HCM,Việt Nam,Trung vệ,18,169.0,64.0,2,0.0,GOALKEEPER_SAVED,0.0,0,0,0,0,2025-11-19,2025-11-19 20:40:01
1744,Makrillos Peter,28,Công an TP.HCM,Brazil,Tiền đạo trung tâm,30,0.0,0.0,2,0.0,GOALKEEPER_SAVED,0.0,0,2,2,5,2025-11-19,2025-11-19 20:40:01
1741,Luiz Fernando Nascimento,19,Hà Nội,Brazil,Tiền đạo trung tâm,28,0.0,0.0,2,0.0,GOALKEEPER_SAVED,0.0,0,2,2,6,2025-11-19,2025-11-19 20:40:03
1738,Schorr Utzig Raphael,28,Công an TP.HCM,Brazil,Tiền đạo trung tâm,29,0.0,0.0,2,0.0,GOALKEEPER_SAVED,0.0,0,1,1,0,2025-11-19,2025-11-19 20:40:03
1735,Huỳnh Minh Đoàn,37,Đông Á Thanh Hóa,Việt Nam,Trung vệ,23,0.0,0.0,2,0.0,GOALKEEPER_SAVED,0.0,0,0,0,0,2025-11-19,2025-11-19 20:40:04
1732,Origbaajo Ismaila,40,BECAMEX HCM CITY,Nigeria,Tiền đạo cắm,27,188.0,76.0,2,0.0,GOALKEEPER_SAVED,0.0,0,0,0,5,2025-11-19,2025-11-19 20:40:04
1858,William Lee,28,Công an TP.HCM,Anh,Tiền đạo trung tâm,18,190.0,75.0,2,0.0,GOALKEEPER_CONCEDED,0.0,0,0,0,4,2025-11-19,2025-11-19 20:40:04
1786,Percy Muzi Tau,1,Thép Xanh Nam Định,Nam Phi,Tiền vệ trung tâm,31,168.0,64.0,2,0.0,GOALKEEPER_CONCEDED,0.0,0,0,0,5,2025-11-19,2025-11-19 20:40:05
1783,Nguyễn Phương Nam,52,PVF - CAND,Việt Nam,Trung vệ,22,174.0,690.0,2,0.0,GOALKEEPER_CONCEDED,0.0,0,0,0,0,2025-11-19,2025-11-19 20:40:05
1780,De Oliveira Coelho Marco Antonino,52,PVF - CAND,Brazil,Tiền vệ trung tâm,25,180.0,75.0,2,0.0,GOALKEEPER_CONCEDED,0.0,0,0,0,0,2025-11-19,2025-11-19 20:40:07
1762,Lê Khá Đức,28,Công an TP.HCM,Việt Nam,Trung vệ,18,169.0,64.0,2,0.0,GOALKEEPER_CONCEDED,0.0,0,0,0,0,2025-11-19,2025-11-19 20:40:07
1744,Makrillos Peter,28,Công an TP.HCM,Brazil,Tiền đạo trung tâm,30,0.0,0.0,2,0.0,GOALKEEPER_CONCEDED,0.0,0,2,2,5,2025-11-19,2025-11-19 20:40:08
1741,Luiz Fernando Nascimento,19,Hà Nội,Brazil,Tiền đạo trung tâm,28,0.0,0.0,2,0.0,GOALKEEPER_CONCEDED,0.0,0,2,2,6,2025-11-19,2025-11-19 20:40:08
1738,Schorr Utzig Raphael,28,Công an TP.HCM,Brazil,Tiền đạo trung tâm,29,0.0,0.0,2,0.0,GOALKEEPER_CONCEDED,0.0,0,1,1,0,2025-11-19,2025-11-19 20:40:08
1735,Huỳnh Minh Đoàn,37,Đông Á Thanh Hóa,Việt Nam,Trung vệ,23,0.0,0.0,2,0.0,GOALKEEPER_CONCEDED,0.0,0,0,0,0,2025-11-19,2025-11-19 20:40:09
1732,Origbaajo Ismaila,40,BECAMEX HCM CITY,Nigeria,Tiền đạo cắm,27,188.0,76.0,2,0.0,GOALKEEPER_CONCEDED,0.0,0,0,0,5,2025-11-19,2025-11-19 20:40:10
97,Nguyễn Thành Chung,19,Hà Nội,Việt Nam,Trung vệ,28,180.0,70.0,2,0.0,YELLOW_CARD,5.0,0,0,0,1,2025-11-19,2025-11-19 20:40:11
1714,Mamadou Mbodji,37,Đông Á Thanh Hóa,Senegal,Trung vệ,32,188.0,88.0,2,0.0,YELLOW_CARD,4.0,0,0,0,4,2025-11-19,2025-11-19 20:40:12
64,Nguyễn Thái Sơn,37,Đông Á Thanh Hóa,Việt Nam,Tiền vệ phòng ngự trái,22,171.0,61.0,2,0.0,YELLOW_CARD,4.0,0,0,0,1,2025-11-19,2025-11-19 20:40:12
1351,Silva Da Silva Marciel,7,Hoàng Anh Gia Lai,Brazil,Tiền vệ trung tâm,30,186.0,85.0,2,0.0,YELLOW_CARD,3.0,0,2,2,2,2025-11-19,2025-11-19 20:40:13
1345,Khổng Minh Gia Bảo,28,Công an TP.HCM,Việt Nam,Trung vệ,25,175.0,73.0,2,0.0,YELLOW_CARD,3.0,0,0,0,0,2025-11-19,2025-11-19 20:40:13
457,Nguyễn Hồng Phúc,43,SHB Đà Nẵng,Việt Nam,Trung vệ,22,178.0,66.0,2,0.0,YELLOW_CARD,3.0,0,0,0,0,2025-11-19,2025-11-19 20:40:15
409,Onoja Joseph,16,Hồng Lĩnh Hà Tĩnh,Nigeria,Tiền vệ trung tâm,27,183.0,77.0,2,0.0,YELLOW_CARD,3.0,0,0,0,1,2025-11-19,2025-11-19 20:40:16
380,Nguyễn Đức Chiến,97,Ninh Bình,Việt Nam,Tiền vệ phòng ngự trái,27,180.0,77.0,2,0.0,YELLOW_CARD,3.0,0,1,1,3,2025-11-19,2025-11-19 20:40:16
356,Hoàng Vĩnh Nguyên,7,Hoàng Anh Gia Lai,Việt Nam,Tiền vệ trung tâm phải,23,170.0,60.0,2,0.0,YELLOW_CARD,3.0,0,2,2,0,2025-11-19,2025-11-19 20:40:17
333,Trần Văn Công,1,Thép Xanh Nam Định,Việt Nam,Tiền vệ phòng ngự trái,26,176.0,70.0,2,0.0,YELLOW_CARD,3.0,0,0,0,0,2025-11-19,2025-11-19 20:40:17
1729,Justin Julian Garcia,13,Sông Lam Nghệ An,Trinidad & Tobago,Trung vệ,30,181.0,80.0,2,0.0,RED_CARD,1.0,0,0,0,2,2025-11-19,2025-11-19 20:40:19
1711,Reon Dale Moore,13,Sông Lam Nghệ An,Trinidad & Tobago,Tiền đạo trung tâm,29,185.0,78.0,2,0.0,RED_CARD,1.0,0,0,0,5,2025-11-19,2025-11-19 20:40:20
616,Lê Văn Đô,4,Công An Hà Nội,Việt Nam,Tiền vệ trung tâm,24,173.0,65.0,2,0.0,RED_CARD,1.0,0,0,0,1,2025-11-19,2025-11-19 20:40:20
367,Bùi Tiến Dũng,34,Thể Công – Viettel,Việt Nam,Trung vệ phải,30,172.0,70.0,2,0.0,RED_CARD,1.0,0,0,0,1,2025-11-19,2025-11-19 20:40:21
342,Võ Huy Toàn,28,Công an TP.HCM,Việt Nam,Tiền vệ cánh trái,32,168.0,65.0,2,0.0,RED_CARD,1.0,0,0,0,1,2025-11-19,2025-11-19 20:40:21
118,Mpande Joseph Mbolimbo,52,PVF - CAND,Uganda,Tiền đạo trung tâm,31,183.0,80.0,2,0.0,RED_CARD,1.0,0,1,1,2,2025-11-19,2025-11-19 20:40:22
96,Nguyễn Đức Anh,43,SHB Đà Nẵng,Việt Nam,Trung vệ,22,175.0,68.0,2,0.0,RED_CARD,1.0,0,0,0,0,2025-11-19,2025-11-19 20:40:29
55,Candido Silveira Geovane Magno,97,Ninh Bình,Brazil,,31,188.0,78.0,2,0.0,RED_CARD,1.0,0,0,0,5,2025-11-19,2025-11-19 20:40:33
51,Huỳnh Tấn Tài,16,Hồng Lĩnh Hà Tĩnh,Việt Nam,Tiền vệ trung tâm,31,168.0,66.0,2,0.0,RED_CARD,1.0,0,0,0,2,2025-11-19,2025-11-19 20:40:35
25,Trần Trung Hiếu,40,BECAMEX HCM CITY,Việt Nam,Tiền vệ trung tâm,32,180.0,75.0,2,0.0,RED_CARD,1.0,0,0,0,0,2025-11-19,2025-11-19 20:40:36
