Player_ID,Player_Name,Update_Time,AERIAL_WON,ASSIST,DRIBBLED_WON,DUEL_TACKLE_WON,FOULED,GOALKEEPER_CONCEDED,GOALKEEPER_SAVED,GOAL_FOR,INTERCEPTION_WON,PASS_CROSS_WON,RED_CARD,SHOT_ON_TARGET,SHOT_ON_TARGET_OUTSIDE,YELLOW_CARD,totalMatchMain,totalMatchPlayed,minutesPlayed,goalWithLeftFoot,goalWithRightFoot,goalWithHead,penaltiesGoals,foulCommitted,block,clearance,pass,ratioGoal,shot,ratioGoalInPenaltyArea,ratioGoalOutsidePenaltyArea,ratioShotOnTarget,duelWon,imgUrl,isGK,positionShortName,teamLogo,rating,idMainPosition,age,teamId,placeOfOrigin,dateOfBirth,height,weight,dominantFoot,jerseyNo,dateStart,teamName,position
3,Ryan Ha,2025-10-15 22:28:46,0.0,0.0,0.0,0.0,0.0,0.0,0.0,0.0,0.0,0.0,0.0,5.0,2.0,1.0,4.0,5.0,321.0,0.0,0.0,0.0,0.0,5.0,0.0,0.0,0.0,0.0,6.0,0.0,0.0,83.3,0.0,https://cdn.fstats.ai/fbs/fstat/1701415953826_compressed.png,0.0,RW,https://cdn.fstats.ai/fbs/fstat/1727751772493_compressed.png,0.0,4,28,7,Pháp,24/08/1997,184.0,84.0,2,77,2025-08-14T17:00:00Z,Hoàng Anh Gia Lai,Tiền đạo cánh phải
11,Võ Minh Trọng,2025-10-15 22:28:46,0.0,0.0,0.0,0.0,0.0,0.0,0.0,1.0,0.0,0.0,0.0,2.0,1.0,1.0,6.0,6.0,550.0,0.0,1.0,0.0,1.0,3.0,0.0,0.0,0.0,16.7,6.0,100.0,0.0,33.3,0.0,https://cdn.fstats.ai/fbs/fstat/1701414363162_compressed.png,0.0,LB,https://cdn.fstats.ai/fbs/fstat/1754537775084_compressed.png,0.0,2,23,40,Việt Nam,24/10/2001,170.0,59.0,2,17,2025-08-14T17:00:00Z,BECAMEX HCM CITY,Hậu vệ trái
16,Nguyễn Tiến Linh,2025-10-15 22:28:46,0.0,0.0,0.0,0.0,1.0,0.0,0.0,3.0,0.0,0.0,0.0,6.0,0.0,0.0,6.0,6.0,569.0,0.0,1.0,2.0,0.0,0.0,0.0,0.0,0.0,23.1,13.0,100.0,0.0,46.2,0.0,https://cdn.fstats.ai/fbs/fstat/1701414769031_compressed.png,0.0,CF,https://cdn.fstats.ai/fbs/fstat/1754533850499_compressed.png,0.0,4,27,28,Việt Nam,20/10/1997,181.0,75.0,2,22,2025-08-14T17:00:00Z,Công an TP.HCM,Tiền đạo trung tâm
22,Võ Hoàng Minh Khoa,2025-10-15 22:28:46,0.0,0.0,0.0,0.0,0.0,0.0,0.0,0.0,0.0,0.0,0.0,2.0,2.0,0.0,3.0,6.0,382.0,0.0,0.0,0.0,0.0,3.0,0.0,0.0,0.0,0.0,7.0,0.0,0.0,28.6,0.0,https://cdn.fstats.ai/fbs/fstat/1701414951320_compressed.png,0.0,CM,https://cdn.fstats.ai/fbs/fstat/1754537775084_compressed.png,0.0,3,24,40,Việt Nam,12/03/2001,175.0,70.0,2,10,2025-08-14T17:00:00Z,BECAMEX HCM CITY,Tiền vệ trung tâm
24,Lê Quang Hùng,2025-10-15 22:28:46,0.0,2.0,0.0,0.0,3.0,0.0,0.0,0.0,0.0,1.0,0.0,0.0,0.0,1.0,5.0,6.0,494.0,0.0,0.0,0.0,0.0,4.0,0.0,0.0,2.0,0.0,2.0,0.0,0.0,0.0,0.0,https://cdn.fstats.ai/fbs/fstat/1701415935255_compressed.png,0.0,RB,https://cdn.fstats.ai/fbs/fstat/1754533850499_compressed.png,0.0,2,33,28,Việt Nam,16/08/1992,165.0,65.0,2,34,2025-08-14T17:00:00Z,Công an TP.HCM,Hậu vệ phải
25,Trần Trung Hiếu,2025-10-15 22:28:46,0.0,0.0,0.0,0.0,0.0,0.0,0.0,0.0,0.0,0.0,1.0,0.0,0.0,0.0,3.0,5.0,355.0,0.0,0.0,0.0,0.0,4.0,0.0,0.0,0.0,0.0,2.0,0.0,0.0,0.0,0.0,https://cdn.fstats.ai/fbs/fstat/1701415376645_compressed.png,0.0,CM,https://cdn.fstats.ai/fbs/fstat/1754537775084_compressed.png,0.0,3,32,40,Việt Nam,02/02/1993,180.0,75.0,2,39,2025-08-14T17:00:00Z,BECAMEX HCM CITY,Tiền vệ trung tâm
28,Bùi Duy Thường,2025-10-15 22:28:46,0.0,1.0,0.0,0.0,0.0,0.0,0.0,0.0,0.0,1.0,0.0,0.0,0.0,0.0,5.0,6.0,443.0,0.0,0.0,0.0,0.0,1.0,0.0,0.0,1.0,0.0,5.0,0.0,0.0,20.0,0.0,https://cdn.fstats.ai/fbs/fstat/1701415834089_compressed.png,0.0,RB,https://cdn.fstats.ai/fbs/fstat/1701166425873_compressed.png,0.0,2,29,16,Việt Nam,05/04/1996,176.0,74.0,2,7,2025-08-14T17:00:00Z,Hồng Lĩnh Hà Tĩnh,Hậu vệ phải
34,Nguyễn Xuân Nam,2025-10-15 22:28:46,0.0,1.0,0.0,0.0,0.0,0.0,0.0,0.0,0.0,1.0,0.0,0.0,0.0,0.0,2.0,3.0,172.0,0.0,0.0,0.0,0.0,2.0,0.0,0.0,1.0,0.0,2.0,0.0,0.0,0.0,0.0,https://cdn.fstats.ai/fbs/fstat/1701402065526_compressed.png,0.0,CF,https://cdn.fstats.ai/fbs/fstat/1701166416543_compressed.png,0.0,4,31,31,Việt Nam,18/01/1994,181.0,72.0,2,15,2025-08-14T17:00:00Z,Hải Phòng,Tiền đạo trung tâm
40,Bùi Tiến Dụng,2025-10-15 22:28:46,0.0,0.0,0.0,0.0,0.0,0.0,0.0,1.0,0.0,0.0,0.0,2.0,1.0,2.0,6.0,6.0,568.0,0.0,1.0,0.0,0.0,3.0,6.0,0.0,0.0,50.0,2.0,0.0,100.0,100.0,0.0,https://cdn.fstats.ai/fbs/fstat/1701162245873_compressed.png,0.0,CB,https://cdn.fstats.ai/fbs/fstat/1701166416543_compressed.png,0.0,2,26,31,Việt Nam,23/11/1998,176.0,74.0,2,16,2025-08-14T17:00:00Z,Hải Phòng,Trung vệ
43,Nguyễn Quang Hải,2025-10-15 22:28:46,0.0,2.0,0.0,0.0,0.0,0.0,0.0,2.0,0.0,0.0,0.0,5.0,3.0,0.0,5.0,5.0,413.0,1.0,1.0,0.0,0.0,1.0,0.0,0.0,2.0,18.2,11.0,0.0,100.0,45.5,0.0,https://cdn.fstats.ai/fbs/fstat/1726720003678_compressed.png,0.0,CAM,https://cdn.fstats.ai/fbs/fstat/1701166394954_compressed.png,0.0,3,28,4,Việt Nam,12/04/1997,166.0,65.0,2,19,2025-08-14T17:00:00Z,Công An Hà Nội,Tiền vệ tấn công trung tâm
49,Hồ Văn Cường,2025-10-15 22:28:46,0.0,1.0,0.0,0.0,0.0,0.0,0.0,0.0,0.0,0.0,0.0,0.0,0.0,0.0,6.0,6.0,475.0,0.0,0.0,0.0,0.0,3.0,0.0,0.0,1.0,0.0,2.0,0.0,0.0,50.0,0.0,https://cdn.fstats.ai/fbs/fstat/1701851015976_compressed.png,0.0,RB,https://cdn.fstats.ai/fbs/fstat/1701166512042_compressed.png,0.0,2,22,13,Việt Nam,15/01/2003,167.0,63.0,2,30,2025-08-14T17:00:00Z,Sông Lam Nghệ An,Hậu vệ phải
51,Huỳnh Tấn Tài,2025-10-15 22:28:46,0.0,0.0,0.0,0.0,0.0,0.0,0.0,0.0,0.0,0.0,1.0,0.0,1.0,1.0,4.0,4.0,389.0,0.0,0.0,0.0,0.0,6.0,0.0,0.0,0.0,0.0,4.0,0.0,0.0,25.0,0.0,https://cdn.fstats.ai/fbs/fstat/1701401889569_compressed.png,0.0,CM,https://cdn.fstats.ai/fbs/fstat/1701166425873_compressed.png,0.0,3,31,16,Việt Nam,17/08/1994,168.0,66.0,2,39,2025-08-14T17:00:00Z,Hồng Lĩnh Hà Tĩnh,Tiền vệ trung tâm
52,Phạm Gia Hưng,2025-10-15 22:28:46,0.0,0.0,0.0,0.0,0.0,0.0,0.0,1.0,0.0,0.0,0.0,0.0,0.0,0.0,0.0,0.0,0.0,0.0,0.0,0.0,0.0,0.0,0.0,0.0,0.0,0.0,0.0,0.0,0.0,0.0,0.0,https://cdn.fstats.ai/fbs/fstat/1701402025165_compressed.png,0.0,,https://cdn.fstats.ai/fbs/fstat/1754537409346_compressed.png,0.0,4,25,97,Việt Nam,26/04/2000,181.0,74.0,2,18,2025-08-14T17:00:00Z,Ninh Bình,
55,Candido Silveira Geovane Magno,2025-10-15 22:28:46,0.0,0.0,0.0,0.0,0.0,0.0,0.0,2.0,0.0,0.0,1.0,4.0,2.0,0.0,0.0,0.0,0.0,0.0,0.0,0.0,0.0,0.0,0.0,0.0,0.0,0.0,0.0,0.0,0.0,0.0,0.0,https://cdn.fstats.ai/fbs/fstat/1716546507745_compressed.png,0.0,,https://cdn.fstats.ai/fbs/fstat/1754537409346_compressed.png,0.0,3,31,97,Brazil,14/04/1994,188.0,78.0,2,94,2025-08-14T17:00:00Z,Ninh Bình,
62,Lê Văn Thắng,2025-10-15 22:28:46,0.0,0.0,0.0,0.0,0.0,0.0,0.0,0.0,0.0,0.0,0.0,0.0,0.0,1.0,1.0,6.0,191.0,0.0,0.0,0.0,0.0,1.0,0.0,0.0,0.0,0.0,2.0,0.0,0.0,50.0,0.0,https://cdn.fstats.ai/fbs/fstat/1701422182533_compressed.png,0.0,CF,https://cdn.fstats.ai/fbs/fstat/1701166402335_compressed.png,0.0,4,35,37,Việt Nam,08/02/1990,176.0,68.0,2,10,2025-08-14T17:00:00Z,Đông Á Thanh Hóa,Tiền đạo trung tâm
63,Rimario Allando Gordon,2025-10-15 22:28:46,0.0,0.0,0.0,0.0,0.0,0.0,0.0,1.0,0.0,0.0,0.0,3.0,2.0,1.0,4.0,6.0,385.0,0.0,1.0,0.0,0.0,4.0,0.0,0.0,0.0,12.5,8.0,0.0,100.0,37.5,0.0,https://cdn.fstats.ai/fbs/fstat/1701422326590_compressed.png,0.0,CF,https://cdn.fstats.ai/fbs/fstat/1701166402335_compressed.png,0.0,4,31,37,Mỹ,06/07/1994,180.0,75.0,2,11,2025-08-14T17:00:00Z,Đông Á Thanh Hóa,Tiền đạo trung tâm
64,Nguyễn Thái Sơn,2025-10-15 22:28:46,0.0,0.0,0.0,0.0,0.0,0.0,0.0,0.0,0.0,0.0,0.0,0.0,1.0,1.0,6.0,6.0,555.0,0.0,0.0,0.0,0.0,4.0,0.0,0.0,1.0,0.0,4.0,0.0,0.0,25.0,0.0,https://cdn.fstats.ai/fbs/fstat/1701422400534_compressed.png,0.0,LDM,https://cdn.fstats.ai/fbs/fstat/1701166402335_compressed.png,0.0,3,22,37,Việt Nam,13/07/2003,171.0,61.0,2,12,2025-08-14T17:00:00Z,Đông Á Thanh Hóa,Tiền vệ phòng ngự trái
68,Lâm Ti Phông,2025-10-15 22:28:46,0.0,0.0,0.0,0.0,0.0,0.0,0.0,1.0,0.0,0.0,0.0,0.0,1.0,0.0,4.0,6.0,451.0,0.0,1.0,0.0,0.0,8.0,0.0,0.0,0.0,10.0,10.0,0.0,100.0,10.0,0.0,https://cdn.fstats.ai/fbs/fstat/1701422372559_compressed.png,0.0,LAM,https://cdn.fstats.ai/fbs/fstat/1754537562222_compressed.png,0.0,3,29,1,Việt Nam,01/02/1996,168.0,65.0,2,39,2025-08-14T17:00:00Z,Thép Xanh Nam Định,Tiền vệ tấn công trái
69,Đinh Viết Tú,2025-10-15 22:28:46,0.0,1.0,0.0,0.0,0.0,0.0,0.0,0.0,0.0,1.0,0.0,0.0,0.0,1.0,6.0,6.0,533.0,0.0,0.0,0.0,0.0,2.0,2.0,0.0,1.0,0.0,3.0,0.0,0.0,0.0,0.0,https://cdn.fstats.ai/fbs/fstat/1701421931472_compressed.png,0.0,LB,https://cdn.fstats.ai/fbs/fstat/1701166520282_compressed.png,0.0,2,33,34,Việt Nam,16/08/1992,180.0,78.0,2,18,2025-08-14T17:00:00Z,Thể Công – Viettel,Hậu vệ trái
76,A Mít,2025-10-15 22:28:46,0.0,1.0,0.0,0.0,0.0,0.0,0.0,0.0,0.0,0.0,0.0,0.0,0.0,1.0,3.0,6.0,309.0,0.0,0.0,0.0,0.0,1.0,0.0,0.0,1.0,0.0,7.0,0.0,0.0,0.0,0.0,https://cdn.fstats.ai/fbs/fstat/1701422093194_compressed.png,0.0,RCM,https://cdn.fstats.ai/fbs/fstat/1754537562222_compressed.png,0.0,3,28,1,Việt Nam,24/07/1997,168.0,67.0,2,6,2025-08-14T17:00:00Z,Thép Xanh Nam Định,Tiền vệ trung tâm phải
77,Hoàng Thái Bình,2025-10-15 22:28:46,0.0,1.0,0.0,0.0,0.0,0.0,0.0,0.0,0.0,0.0,0.0,0.0,0.0,0.0,3.0,6.0,330.0,0.0,0.0,0.0,0.0,2.0,0.0,0.0,1.0,0.0,0.0,0.0,0.0,0.0,0.0,https://cdn.fstats.ai/fbs/fstat/1701422217765_compressed.png,0.0,LDM,https://cdn.fstats.ai/fbs/fstat/1701166402335_compressed.png,0.0,3,27,37,Việt Nam,22/01/1998,173.0,65.0,2,28,2025-08-14T17:00:00Z,Đông Á Thanh Hóa,Tiền vệ phòng ngự trái
84,Luiz Antonio De Souza Soares,2025-10-15 22:28:46,0.0,1.0,0.0,0.0,1.0,0.0,0.0,2.0,0.0,0.0,0.0,11.0,6.0,0.0,6.0,6.0,568.0,0.0,2.0,0.0,0.0,2.0,1.0,0.0,1.0,10.5,19.0,100.0,0.0,57.9,0.0,https://cdn.fstats.ai/fbs/fstat/1701919009039_compressed.png,0.0,RM,https://cdn.fstats.ai/fbs/fstat/1701166416543_compressed.png,0.0,3,34,31,Brazil,11/03/1991,181.0,80.0,2,88,2025-08-14T17:00:00Z,Hải Phòng,Tiền vệ cánh phải
91,Phạm Xuân Mạnh,2025-10-15 22:28:46,0.0,0.0,0.0,0.0,0.0,0.0,0.0,0.0,0.0,0.0,0.0,2.0,0.0,1.0,5.0,6.0,452.0,0.0,0.0,0.0,0.0,1.0,2.0,0.0,0.0,0.0,4.0,0.0,0.0,50.0,0.0,https://cdn.fstats.ai/fbs/fstat/1701401672235_compressed.png,0.0,RB,https://cdn.fstats.ai/fbs/fstat/1754538455244_compressed.png,0.0,2,29,19,Việt Nam,09/02/1996,175.0,68.0,2,7,2025-08-14T17:00:00Z,Hà Nội,Hậu vệ phải
92,Đậu Văn Toàn,2025-10-15 22:28:46,0.0,0.0,0.0,0.0,0.0,0.0,0.0,0.0,0.0,0.0,0.0,0.0,0.0,1.0,2.0,6.0,293.0,0.0,0.0,0.0,0.0,2.0,2.0,0.0,1.0,0.0,1.0,0.0,0.0,0.0,0.0,https://cdn.fstats.ai/fbs/fstat/1701401567012_compressed.png,0.0,RDM,https://cdn.fstats.ai/fbs/fstat/1754538455244_compressed.png,0.0,3,28,19,Việt Nam,07/04/1997,170.0,69.0,2,8,2025-08-14T17:00:00Z,Hà Nội,Tiền vệ phòng ngự phải
93,Phạm Tuấn Hải,2025-10-15 22:28:46,0.0,0.0,0.0,0.0,0.0,0.0,0.0,2.0,0.0,0.0,0.0,5.0,2.0,0.0,5.0,6.0,438.0,0.0,2.0,0.0,0.0,1.0,0.0,0.0,0.0,22.2,9.0,50.0,50.0,55.6,0.0,https://cdn.fstats.ai/fbs/fstat/1701401115350_compressed.png,0.0,SS,https://cdn.fstats.ai/fbs/fstat/1754538455244_compressed.png,0.0,4,27,19,Việt Nam,19/05/1998,172.0,68.0,2,9,2025-08-14T17:00:00Z,Hà Nội,Tiền đạo phụ
94,Nguyễn Văn Quyết,2025-10-15 22:28:46,0.0,1.0,0.0,0.0,2.0,0.0,0.0,0.0,0.0,0.0,0.0,5.0,3.0,0.0,5.0,6.0,395.0,0.0,0.0,0.0,0.0,2.0,0.0,0.0,2.0,0.0,12.0,0.0,0.0,41.7,0.0,https://cdn.fstats.ai/fbs/fstat/1701401518485_compressed.png,0.0,SS,https://cdn.fstats.ai/fbs/fstat/1754538455244_compressed.png,0.0,4,34,19,Việt Nam,01/07/1991,172.0,65.0,2,10,2025-08-14T17:00:00Z,Hà Nội,Tiền đạo phụ
95,Nguyễn Hai Long,2025-10-15 22:28:46,0.0,1.0,0.0,0.0,2.0,0.0,0.0,0.0,0.0,0.0,0.0,6.0,4.0,0.0,3.0,6.0,355.0,0.0,0.0,0.0,0.0,2.0,0.0,0.0,1.0,0.0,12.0,0.0,0.0,50.0,0.0,https://cdn.fstats.ai/fbs/fstat/1701401463423_compressed.png,0.0,CM,https://cdn.fstats.ai/fbs/fstat/1754538455244_compressed.png,0.0,3,25,19,Việt Nam,27/08/2000,168.0,63.0,2,14,2025-08-14T17:00:00Z,Hà Nội,Tiền vệ trung tâm
96,Nguyễn Đức Anh,2025-10-15 22:28:46,0.0,0.0,0.0,0.0,0.0,0.0,0.0,0.0,0.0,0.0,0.0,0.0,0.0,1.0,0.0,0.0,0.0,0.0,0.0,0.0,0.0,0.0,0.0,0.0,0.0,0.0,0.0,0.0,0.0,0.0,0.0,https://cdn.fstats.ai/fbs/fstat/1701401065116_compressed.png,0.0,,https://cdn.fstats.ai/fbs/fstat/1715846388240_compressed.png,0.0,2,22,43,Việt Nam,16/05/2003,175.0,68.0,2,15,2025-08-14T17:00:00Z,SHB Đà Nẵng,
97,Nguyễn Thành Chung,2025-10-15 22:28:46,0.0,0.0,0.0,0.0,0.0,0.0,0.0,0.0,0.0,0.0,0.0,0.0,0.0,2.0,4.0,5.0,444.0,0.0,0.0,0.0,0.0,4.0,2.0,0.0,0.0,0.0,0.0,0.0,0.0,0.0,0.0,https://cdn.fstats.ai/fbs/fstat/1701401228124_compressed.png,0.0,CB,https://cdn.fstats.ai/fbs/fstat/1754538455244_compressed.png,0.0,2,28,19,Việt Nam,08/09/1997,180.0,70.0,2,16,2025-08-14T17:00:00Z,Hà Nội,Trung vệ
99,Vũ Đình Hai,2025-10-15 22:28:46,0.0,0.0,0.0,0.0,0.0,0.0,0.0,1.0,0.0,0.0,0.0,0.0,0.0,0.0,0.0,5.0,60.0,1.0,0.0,0.0,0.0,0.0,0.0,0.0,0.0,33.3,3.0,100.0,0.0,33.3,0.0,https://cdn.fstats.ai/fbs/fstat/1701401644070_compressed.png,0.0,CM,https://cdn.fstats.ai/fbs/fstat/1754538455244_compressed.png,0.0,3,25,19,Việt Nam,13/01/2000,172.0,68.0,2,21,2025-08-14T17:00:00Z,Hà Nội,Tiền vệ trung tâm
103,Lê Văn Xuân,2025-10-15 22:28:46,0.0,1.0,0.0,0.0,0.0,0.0,0.0,0.0,0.0,0.0,0.0,0.0,0.0,1.0,2.0,6.0,303.0,0.0,0.0,0.0,0.0,1.0,0.0,0.0,1.0,0.0,0.0,0.0,0.0,0.0,0.0,https://cdn.fstats.ai/fbs/fstat/1701401663153_compressed.png,0.0,LCB,https://cdn.fstats.ai/fbs/fstat/1754538455244_compressed.png,0.0,2,26,19,Việt Nam,27/02/1999,168.0,69.0,2,45,2025-08-14T17:00:00Z,Hà Nội,Trung vệ trái
107,Trương Văn Thái Quý,2025-10-15 22:28:46,0.0,0.0,0.0,0.0,0.0,0.0,0.0,0.0,0.0,0.0,0.0,0.0,0.0,1.0,2.0,3.0,109.0,0.0,0.0,0.0,0.0,4.0,0.0,0.0,0.0,0.0,2.0,0.0,0.0,0.0,0.0,https://cdn.fstats.ai/fbs/fstat/1701401481414_compressed.png,0.0,CM,https://cdn.fstats.ai/fbs/fstat/1722243921956_compressed.png,0.0,3,28,52,Việt Nam,22/08/1997,168.0,64.0,2,74,2025-08-14T17:00:00Z,PVF - CAND,Tiền vệ trung tâm
110,Nguyễn Văn Tùng,2025-10-15 22:28:46,0.0,1.0,0.0,0.0,0.0,0.0,0.0,1.0,0.0,0.0,0.0,4.0,2.0,0.0,0.0,6.0,153.0,0.0,1.0,0.0,0.0,1.0,0.0,0.0,1.0,14.3,7.0,100.0,0.0,57.1,0.0,https://cdn.fstats.ai/fbs/fstat/1701401575954_compressed.png,0.0,CF,https://cdn.fstats.ai/fbs/fstat/1754538455244_compressed.png,0.0,4,24,19,Việt Nam,02/06/2001,181.0,70.0,2,23,2025-08-14T17:00:00Z,Hà Nội,Tiền đạo trung tâm
111,Tagueu Tadjo Diederrick Joel,2025-10-15 22:28:46,0.0,0.0,0.0,0.0,0.0,0.0,0.0,0.0,0.0,0.0,0.0,2.0,0.0,0.0,2.0,4.0,138.0,0.0,0.0,0.0,0.0,0.0,0.0,0.0,0.0,0.0,3.0,0.0,0.0,66.7,0.0,https://cdn.fstats.ai/fbs/fstat/1701401508345_compressed.png,0.0,CF,https://cdn.fstats.ai/fbs/fstat/1701166416543_compressed.png,0.0,4,31,31,Cameroon,06/12/1993,178.0,70.0,2,95,2025-08-14T17:00:00Z,Hải Phòng,Tiền đạo trung tâm
118,Mpande Joseph Mbolimbo,2025-10-15 22:28:46,0.0,0.0,0.0,0.0,1.0,0.0,0.0,1.0,0.0,0.0,1.0,2.0,1.0,0.0,4.0,4.0,387.0,0.0,1.0,0.0,0.0,4.0,0.0,0.0,0.0,33.3,3.0,0.0,100.0,66.7,0.0,https://cdn.fstats.ai/fbs/fstat/1701424102124_compressed.png,0.0,CF,https://cdn.fstats.ai/fbs/fstat/1722243921956_compressed.png,0.0,4,31,52,Uganda,23/03/1994,183.0,80.0,2,10,2025-08-14T17:00:00Z,PVF - CAND,Tiền đạo trung tâm
120,Goncalves Silva Lucas Vinicius,2025-10-15 22:28:46,0.0,2.0,0.0,0.0,0.0,0.0,0.0,3.0,0.0,0.0,0.0,6.0,2.0,1.0,6.0,6.0,578.0,0.0,2.0,1.0,0.0,5.0,0.0,0.0,2.0,15.0,20.0,100.0,0.0,30.0,0.0,https://cdn.fstats.ai/fbs/fstat/1701423891828_compressed.png,0.0,CAM,https://cdn.fstats.ai/fbs/fstat/1701166520282_compressed.png,0.0,3,34,34,Brazil,14/09/1991,184.0,80.0,2,9,2025-08-14T17:00:00Z,Thể Công – Viettel,Tiền vệ tấn công trung tâm
121,Hồ Minh Dĩ,2025-10-15 22:28:46,0.0,2.0,0.0,0.0,0.0,0.0,0.0,0.0,0.0,1.0,0.0,0.0,0.0,0.0,3.0,6.0,248.0,0.0,0.0,0.0,0.0,2.0,0.0,0.0,2.0,0.0,0.0,0.0,0.0,0.0,0.0,https://cdn.fstats.ai/fbs/fstat/1701423855611_compressed.png,0.0,LM,https://cdn.fstats.ai/fbs/fstat/1701166416543_compressed.png,0.0,3,27,31,Việt Nam,17/02/1998,160.0,58.0,2,11,2025-08-14T17:00:00Z,Hải Phòng,Tiền vệ cánh trái
123,Lê Mạnh Dũng,2025-10-15 22:28:46,0.0,1.0,0.0,0.0,1.0,0.0,0.0,1.0,0.0,0.0,0.0,0.0,0.0,1.0,6.0,6.0,496.0,0.0,1.0,0.0,0.0,7.0,0.0,0.0,1.0,50.0,2.0,100.0,0.0,50.0,0.0,https://cdn.fstats.ai/fbs/fstat/1701423873859_compressed.png,0.0,CDM,https://cdn.fstats.ai/fbs/fstat/1701166416543_compressed.png,0.0,3,31,31,Việt Nam,10/02/1994,172.0,70.0,2,19,2025-08-14T17:00:00Z,Hải Phòng,Tiền vệ phòng ngự trung tâm
127,Bicou Bissainthe,2025-10-15 22:28:46,0.0,0.0,0.0,0.0,0.0,0.0,0.0,1.0,0.0,0.0,0.0,0.0,0.0,1.0,6.0,6.0,568.0,0.0,1.0,0.0,0.0,3.0,0.0,0.0,0.0,16.7,6.0,100.0,0.0,16.7,0.0,https://cdn.fstats.ai/fbs/fstat/1701423882642_compressed.png,0.0,CB,https://cdn.fstats.ai/fbs/fstat/1701166416543_compressed.png,0.0,2,26,31,Haiti,15/03/1999,188.0,75.0,2,25,2025-08-14T17:00:00Z,Hải Phòng,Trung vệ
130,Lương Hoàng Nam,2025-10-15 22:28:46,0.0,0.0,0.0,0.0,0.0,0.0,0.0,0.0,0.0,0.0,0.0,0.0,1.0,0.0,3.0,3.0,217.0,0.0,0.0,0.0,0.0,0.0,0.0,0.0,0.0,0.0,1.0,0.0,0.0,100.0,0.0,https://cdn.fstats.ai/fbs/fstat/1701423944214_compressed.png,0.0,RCM,https://cdn.fstats.ai/fbs/fstat/1701166416543_compressed.png,0.0,3,28,31,Việt Nam,02/03/1997,160.0,57.0,2,30,2025-08-14T17:00:00Z,Hải Phòng,Tiền vệ trung tâm phải
136,Nguyễn Hữu Sơn,2025-10-15 22:28:46,0.0,0.0,0.0,0.0,1.0,0.0,0.0,0.0,0.0,0.0,0.0,2.0,1.0,1.0,1.0,3.0,162.0,0.0,0.0,0.0,0.0,2.0,0.0,0.0,0.0,0.0,5.0,0.0,0.0,40.0,0.0,https://cdn.fstats.ai/fbs/fstat/1701424028477_compressed.png,0.0,RM,https://cdn.fstats.ai/fbs/fstat/1701166416543_compressed.png,0.0,3,29,31,Việt Nam,27/09/1996,172.0,65.0,2,77,2025-08-14T17:00:00Z,Hải Phòng,Tiền vệ cánh phải
138,Phạm Hoài Dương,2025-10-15 22:28:46,0.0,0.0,0.0,0.0,0.0,0.0,0.0,0.0,0.0,0.0,0.0,0.0,0.0,1.0,0.0,6.0,20.0,0.0,0.0,0.0,0.0,1.0,0.0,0.0,0.0,0.0,0.0,0.0,0.0,0.0,0.0,https://cdn.fstats.ai/fbs/fstat/1701423988417_compressed.png,0.0,CB,https://cdn.fstats.ai/fbs/fstat/1701166416543_compressed.png,0.0,2,31,31,Việt Nam,19/06/1994,180.0,70.0,2,13,2025-08-14T17:00:00Z,Hải Phòng,Trung vệ
139,Triệu Việt Hưng,2025-10-15 22:28:46,0.0,0.0,0.0,0.0,0.0,0.0,0.0,1.0,0.0,0.0,0.0,2.0,0.0,0.0,6.0,6.0,539.0,0.0,0.0,1.0,0.0,1.0,0.0,0.0,0.0,20.0,5.0,100.0,0.0,40.0,0.0,https://cdn.fstats.ai/fbs/fstat/1701424019626_compressed.png,0.0,CM,https://cdn.fstats.ai/fbs/fstat/1701166416543_compressed.png,0.0,3,28,31,Việt Nam,19/01/1997,171.0,70.0,2,97,2025-08-14T17:00:00Z,Hải Phòng,Tiền vệ trung tâm
145,Châu Ngọc Quang,2025-10-15 22:28:46,0.0,0.0,0.0,0.0,0.0,0.0,0.0,0.0,0.0,0.0,0.0,0.0,1.0,0.0,0.0,0.0,0.0,0.0,0.0,0.0,0.0,0.0,0.0,0.0,0.0,0.0,0.0,0.0,0.0,0.0,0.0,https://cdn.fstats.ai/fbs/fstat/1701422869069_compressed.png,0.0,,https://cdn.fstats.ai/fbs/fstat/1754537409346_compressed.png,0.0,3,29,97,Việt Nam,01/02/1996,170.0,63.0,2,10,2025-08-14T17:00:00Z,Ninh Bình,
146,Đinh Thanh Bình,2025-10-15 22:28:46,0.0,0.0,0.0,0.0,0.0,0.0,0.0,0.0,0.0,0.0,0.0,0.0,0.0,1.0,0.0,0.0,0.0,0.0,0.0,0.0,0.0,0.0,0.0,0.0,0.0,0.0,0.0,0.0,0.0,0.0,0.0,https://cdn.fstats.ai/fbs/fstat/1701422731907_compressed.png,0.0,,https://cdn.fstats.ai/fbs/fstat/1754537409346_compressed.png,0.0,4,27,97,Việt Nam,19/03/1998,177.0,72.0,2,9,2025-08-14T17:00:00Z,Ninh Bình,
148,Nguyễn Tuấn Anh,2025-10-15 22:28:46,0.0,0.0,0.0,0.0,0.0,0.0,0.0,0.0,0.0,0.0,0.0,0.0,0.0,1.0,2.0,3.0,101.0,0.0,0.0,0.0,0.0,1.0,0.0,0.0,0.0,0.0,0.0,0.0,0.0,0.0,0.0,https://cdn.fstats.ai/fbs/fstat/1701423005583_compressed.png,0.0,CAM,https://cdn.fstats.ai/fbs/fstat/1754537562222_compressed.png,0.0,3,30,1,Việt Nam,16/05/1995,175.0,66.0,2,11,2025-08-14T17:00:00Z,Thép Xanh Nam Định,Tiền vệ tấn công trung tâm
149,Nguyễn Thanh Nhân,2025-10-15 22:28:46,0.0,0.0,0.0,0.0,0.0,0.0,0.0,0.0,0.0,0.0,0.0,0.0,0.0,1.0,5.0,5.0,397.0,0.0,0.0,0.0,0.0,3.0,0.0,0.0,0.0,0.0,3.0,0.0,0.0,0.0,0.0,https://cdn.fstats.ai/fbs/fstat/1701422696905_compressed.png,0.0,LB,https://cdn.fstats.ai/fbs/fstat/1727751772493_compressed.png,0.0,2,24,7,Việt Nam,25/10/2000,168.0,65.0,2,7,2025-08-14T17:00:00Z,Hoàng Anh Gia Lai,Hậu vệ trái
160,Jairo Rodrigues Peixoto Filho,2025-10-15 22:28:46,0.0,0.0,0.0,0.0,0.0,0.0,0.0,0.0,0.0,0.0,0.0,0.0,0.0,1.0,5.0,5.0,482.0,0.0,0.0,0.0,0.0,3.0,7.0,0.0,0.0,0.0,3.0,0.0,0.0,33.3,0.0,https://cdn.fstats.ai/fbs/fstat/1701422746029_compressed.png,0.0,CB,https://cdn.fstats.ai/fbs/fstat/1727751772493_compressed.png,0.0,2,32,7,Brazil,31/12/1992,190.0,89.0,2,33,2025-08-14T17:00:00Z,Hoàng Anh Gia Lai,Trung vệ
162,Võ Đình Lâm,2025-10-15 22:28:46,0.0,0.0,0.0,0.0,0.0,0.0,0.0,0.0,0.0,0.0,0.0,0.0,1.0,0.0,2.0,3.0,139.0,0.0,0.0,0.0,0.0,2.0,0.0,0.0,0.0,0.0,1.0,0.0,0.0,100.0,0.0,https://cdn.fstats.ai/fbs/fstat/1701422662727_compressed.png,0.0,CM,https://cdn.fstats.ai/fbs/fstat/1727751772493_compressed.png,0.0,3,25,7,Việt Nam,10/01/2000,169.0,68.0,2,11,2025-08-14T17:00:00Z,Hoàng Anh Gia Lai,Tiền vệ trung tâm
163,Phan Du Học,2025-10-15 22:28:46,0.0,0.0,0.0,0.0,0.0,0.0,0.0,0.0,0.0,0.0,0.0,1.0,1.0,1.0,5.0,5.0,482.0,0.0,0.0,0.0,0.0,8.0,0.0,0.0,0.0,0.0,1.0,0.0,0.0,100.0,0.0,https://cdn.fstats.ai/fbs/fstat/1701422591557_compressed.png,0.0,LCB,https://cdn.fstats.ai/fbs/fstat/1727751772493_compressed.png,0.0,2,23,7,Việt Nam,01/11/2001,175.0,68.0,2,66,2025-08-14T17:00:00Z,Hoàng Anh Gia Lai,Trung vệ trái
165,Dụng Quang Nho,2025-10-15 22:28:46,0.0,0.0,0.0,0.0,0.0,0.0,0.0,1.0,0.0,0.0,0.0,1.0,0.0,2.0,0.0,0.0,0.0,0.0,0.0,0.0,0.0,0.0,0.0,0.0,0.0,0.0,0.0,0.0,0.0,0.0,0.0,https://cdn.fstats.ai/fbs/fstat/1701422797055_compressed.png,0.0,,https://cdn.fstats.ai/fbs/fstat/1754537409346_compressed.png,0.0,2,25,97,Việt Nam,01/01/2000,171.0,65.0,2,86,2025-08-14T17:00:00Z,Ninh Bình,
168,Nguyễn Văn Hạnh,2025-10-15 22:28:46,0.0,0.0,0.0,0.0,0.0,0.0,0.0,0.0,0.0,0.0,0.0,0.0,0.0,1.0,6.0,6.0,588.0,0.0,0.0,0.0,0.0,6.0,2.0,0.0,0.0,0.0,4.0,0.0,0.0,0.0,0.0,https://cdn.fstats.ai/fbs/fstat/1701854807943_compressed.png,0.0,LCB,https://cdn.fstats.ai/fbs/fstat/1701166425873_compressed.png,0.0,2,27,16,Việt Nam,04/04/1998,179.0,74.0,2,3,2025-08-14T17:00:00Z,Hồng Lĩnh Hà Tĩnh,Trung vệ trái
188,Vũ Viết Triều,2025-10-15 22:28:46,0.0,0.0,0.0,0.0,0.0,0.0,0.0,0.0,0.0,0.0,0.0,0.0,0.0,1.0,6.0,6.0,588.0,0.0,0.0,0.0,0.0,3.0,0.0,0.0,0.0,0.0,0.0,0.0,0.0,0.0,0.0,https://cdn.fstats.ai/fbs/fstat/1701424549868_compressed.png,0.0,LB,https://cdn.fstats.ai/fbs/fstat/1701166425873_compressed.png,0.0,2,28,16,Việt Nam,23/02/1997,180.0,75.0,2,30,2025-08-14T17:00:00Z,Hồng Lĩnh Hà Tĩnh,Hậu vệ trái
195,Đoàn Công Thành,2025-10-15 22:28:46,0.0,0.0,0.0,0.0,0.0,0.0,0.0,0.0,0.0,0.0,0.0,0.0,0.0,1.0,2.0,6.0,151.0,0.0,0.0,0.0,0.0,3.0,0.0,0.0,0.0,0.0,1.0,0.0,0.0,0.0,0.0,https://cdn.fstats.ai/fbs/fstat/1701855476402_compressed.png,0.0,RCB,https://cdn.fstats.ai/fbs/fstat/1701166425873_compressed.png,0.0,2,28,16,Việt Nam,30/03/1997,180.0,71.0,2,19,2025-08-14T17:00:00Z,Hồng Lĩnh Hà Tĩnh,Trung vệ phải
211,Nguyễn Văn Hiệp,2025-10-15 22:28:46,0.0,0.0,0.0,0.0,0.0,0.0,0.0,0.0,0.0,0.0,0.0,1.0,1.0,1.0,0.0,6.0,145.0,0.0,0.0,0.0,0.0,1.0,0.0,0.0,0.0,0.0,3.0,0.0,0.0,33.3,0.0,https://cdn.fstats.ai/fbs/fstat/1701660998168_compressed.png,0.0,RCM,https://cdn.fstats.ai/fbs/fstat/1701166425873_compressed.png,0.0,3,31,16,Việt Nam,08/04/1994,171.0,64.0,2,11,2025-08-14T17:00:00Z,Hồng Lĩnh Hà Tĩnh,Tiền vệ trung tâm phải
228,Lê Hải Đức,2025-10-15 22:28:46,0.0,0.0,0.0,0.0,0.0,0.0,0.0,0.0,0.0,0.0,0.0,0.0,0.0,1.0,0.0,0.0,0.0,0.0,0.0,0.0,0.0,0.0,0.0,0.0,0.0,0.0,0.0,0.0,0.0,0.0,0.0,https://cdn.fstats.ai/fbs/fstat/1725938438358_compressed.png,0.0,,https://cdn.fstats.ai/fbs/fstat/1754537409346_compressed.png,0.0,2,25,97,Việt Nam,24/02/2000,178.0,76.0,2,26,2025-08-14T17:00:00Z,Ninh Bình,
229,Nguyễn Đình Bắc,2025-10-15 22:28:46,0.0,1.0,0.0,0.0,0.0,0.0,0.0,0.0,0.0,0.0,0.0,3.0,1.0,1.0,4.0,5.0,397.0,0.0,0.0,0.0,0.0,1.0,0.0,0.0,1.0,0.0,11.0,0.0,0.0,27.3,0.0,https://cdn.fstats.ai/fbs/fstat/1744184642881_compressed.png,0.0,CF,https://cdn.fstats.ai/fbs/fstat/1701166394954_compressed.png,0.0,4,21,4,Việt Nam,19/08/2004,179.0,72.0,2,9,2025-08-14T17:00:00Z,Công An Hà Nội,Tiền đạo trung tâm
233,Nguyễn Văn Trạng,2025-10-15 22:28:46,0.0,0.0,0.0,0.0,0.0,0.0,0.0,0.0,0.0,0.0,0.0,1.0,0.0,1.0,2.0,3.0,87.0,0.0,0.0,0.0,0.0,1.0,1.0,0.0,0.0,0.0,1.0,0.0,0.0,100.0,0.0,https://cdn.fstats.ai/fbs/fstat/1701660680486_compressed.png,0.0,CAM,https://cdn.fstats.ai/fbs/fstat/1722243921956_compressed.png,0.0,3,27,52,Việt Nam,15/06/1998,167.0,61.0,2,7,2025-08-14T17:00:00Z,PVF - CAND,Tiền vệ tấn công trung tâm
242,Lê Xuân Tú,2025-10-15 22:28:46,0.0,1.0,0.0,0.0,0.0,0.0,0.0,0.0,0.0,0.0,0.0,2.0,0.0,0.0,1.0,3.0,101.0,0.0,0.0,0.0,0.0,1.0,0.0,0.0,1.0,0.0,3.0,0.0,0.0,66.7,0.0,https://cdn.fstats.ai/fbs/fstat/1701660761110_compressed.png,0.0,CM,https://cdn.fstats.ai/fbs/fstat/1754538455244_compressed.png,0.0,3,26,19,Việt Nam,06/09/1999,180.0,72.0,2,25,2025-08-14T17:00:00Z,Hà Nội,Tiền vệ trung tâm
244,Phù Trung Phong,2025-10-15 22:28:46,0.0,0.0,0.0,0.0,1.0,0.0,0.0,0.0,0.0,0.0,0.0,0.0,0.0,0.0,0.0,5.0,159.0,0.0,0.0,0.0,0.0,0.0,0.0,0.0,0.0,0.0,0.0,0.0,0.0,0.0,0.0,https://cdn.fstats.ai/fbs/fstat/1701660738043_compressed.png,0.0,LDM,https://cdn.fstats.ai/fbs/fstat/1722243921956_compressed.png,0.0,3,27,52,Việt Nam,08/06/1998,171.0,66.0,2,30,2025-08-14T17:00:00Z,PVF - CAND,Tiền vệ phòng ngự trái
250,Hoàng Vũ Olaleye Samson,2025-10-15 22:28:46,0.0,0.0,0.0,0.0,0.0,0.0,0.0,1.0,0.0,0.0,0.0,1.0,0.0,0.0,1.0,6.0,199.0,0.0,0.0,1.0,0.0,0.0,0.0,0.0,0.0,16.7,6.0,100.0,0.0,16.7,0.0,https://cdn.fstats.ai/fbs/fstat/1701856348704_compressed.png,0.0,CF,https://cdn.fstats.ai/fbs/fstat/1722243921956_compressed.png,0.0,4,37,52,Việt Nam,06/10/1988,180.0,75.0,2,39,2025-08-14T17:00:00Z,PVF - CAND,Tiền đạo trung tâm
254,Đặng Văn Lâm,2025-10-15 22:28:46,0.0,0.0,0.0,0.0,0.0,0.0,0.0,0.0,0.0,0.0,0.0,0.0,0.0,1.0,6.0,6.0,580.0,0.0,0.0,0.0,0.0,1.0,0.0,0.0,0.0,0.0,0.0,0.0,0.0,0.0,0.0,https://cdn.fstats.ai/fbs/fstat/1701660376051_compressed.png,1.0,GK,https://cdn.fstats.ai/fbs/fstat/1754537409346_compressed.png,0.0,1,32,97,Việt Nam,13/08/1993,188.0,87.0,2,1,2025-08-14T17:00:00Z,Ninh Bình,Thủ môn
257,Đỗ Thanh Thịnh,2025-10-15 22:28:46,0.0,2.0,0.0,0.0,0.0,0.0,0.0,1.0,0.0,0.0,0.0,3.0,3.0,1.0,0.0,0.0,0.0,0.0,0.0,0.0,0.0,0.0,0.0,0.0,0.0,0.0,0.0,0.0,0.0,0.0,0.0,https://cdn.fstats.ai/fbs/fstat/1701660405732_compressed.png,0.0,,https://cdn.fstats.ai/fbs/fstat/1754537409346_compressed.png,0.0,2,27,97,Việt Nam,18/08/1998,169.0,75.0,2,6,2025-08-14T17:00:00Z,Ninh Bình,
258,Le Viktor,2025-10-15 22:28:46,0.0,1.0,0.0,0.0,0.0,0.0,0.0,1.0,0.0,0.0,0.0,2.0,1.0,2.0,6.0,6.0,415.0,0.0,0.0,1.0,0.0,3.0,0.0,0.0,1.0,11.1,9.0,100.0,0.0,22.2,0.0,https://cdn.fstats.ai/fbs/fstat/1701660477804_compressed.png,0.0,RAM,https://cdn.fstats.ai/fbs/fstat/1701166425873_compressed.png,0.0,3,21,16,Nga,10/11/2003,180.0,70.0,2,14,2025-08-14T17:00:00Z,Hồng Lĩnh Hà Tĩnh,Tiền vệ tấn công phải
261,Leonardo Artur De Melo,2025-10-15 22:28:46,0.0,1.0,0.0,0.0,0.0,0.0,0.0,4.0,0.0,0.0,0.0,6.0,4.0,0.0,4.0,5.0,427.0,0.0,4.0,0.0,0.0,0.0,0.0,0.0,2.0,21.1,19.0,50.0,50.0,31.6,0.0,https://cdn.fstats.ai/fbs/fstat/1726719834613_compressed.png,0.0,CF,https://cdn.fstats.ai/fbs/fstat/1701166394954_compressed.png,0.0,4,30,4,Brazil,23/03/1995,177.0,68.0,2,10,2025-08-14T17:00:00Z,Công An Hà Nội,Tiền đạo trung tâm
262,Trần Đình Trọng,2025-10-15 22:28:46,0.0,1.0,0.0,0.0,0.0,0.0,0.0,0.0,0.0,1.0,0.0,0.0,0.0,0.0,5.0,5.0,469.0,0.0,0.0,0.0,0.0,0.0,6.0,0.0,1.0,0.0,0.0,0.0,0.0,0.0,0.0,https://cdn.fstats.ai/fbs/fstat/1726720159660_compressed.png,0.0,CB,https://cdn.fstats.ai/fbs/fstat/1701166394954_compressed.png,0.0,2,28,4,Việt Nam,25/04/1997,175.0,70.0,2,21,2025-08-14T17:00:00Z,Công An Hà Nội,Trung vệ
263,Đỗ Văn Thuận,2025-10-15 22:28:46,0.0,0.0,0.0,0.0,0.0,0.0,0.0,0.0,0.0,0.0,0.0,0.0,0.0,1.0,0.0,2.0,72.0,0.0,0.0,0.0,0.0,1.0,0.0,0.0,0.0,0.0,0.0,0.0,0.0,0.0,0.0,https://cdn.fstats.ai/fbs/fstat/1701857091831_compressed.png,0.0,LDM,https://cdn.fstats.ai/fbs/fstat/1722243921956_compressed.png,0.0,3,33,52,Việt Nam,23/05/1992,170.0,71.0,2,14,2025-08-14T17:00:00Z,PVF - CAND,Tiền vệ phòng ngự trái
266,Lê Ngọc Bảo,2025-10-15 22:28:46,0.0,0.0,0.0,0.0,0.0,0.0,0.0,0.0,0.0,0.0,0.0,0.0,0.0,1.0,6.0,6.0,565.0,0.0,0.0,0.0,0.0,6.0,5.0,0.0,0.0,0.0,0.0,0.0,0.0,0.0,0.0,https://cdn.fstats.ai/fbs/fstat/1701660384720_compressed.png,0.0,CB,https://cdn.fstats.ai/fbs/fstat/1754537409346_compressed.png,0.0,2,27,97,Việt Nam,29/03/1998,178.0,82.0,2,17,2025-08-14T17:00:00Z,Ninh Bình,Trung vệ
268,Adriano Schmidt,2025-10-15 22:28:46,0.0,0.0,0.0,0.0,0.0,0.0,0.0,0.0,0.0,0.0,0.0,1.0,1.0,0.0,3.0,6.0,362.0,0.0,0.0,0.0,0.0,2.0,3.0,0.0,0.0,0.0,2.0,0.0,0.0,50.0,0.0,https://cdn.fstats.ai/fbs/fstat/1701660534449_compressed.png,0.0,CB,https://cdn.fstats.ai/fbs/fstat/1754537775084_compressed.png,0.0,2,31,40,Việt Nam – Đức,09/05/1994,185.0,78.0,2,5,2025-08-16T17:00:00Z,BECAMEX HCM CITY,Trung vệ
277,Alan Sebastiao Alexandre,2025-10-15 22:28:46,0.0,2.0,0.0,0.0,0.0,0.0,0.0,6.0,0.0,1.0,0.0,8.0,5.0,1.0,4.0,4.0,387.0,0.0,6.0,0.0,0.0,2.0,0.0,0.0,2.0,40.0,15.0,50.0,50.0,53.3,0.0,https://cdn.fstats.ai/fbs/fstat/1726720641306_compressed.png,0.0,CF,https://cdn.fstats.ai/fbs/fstat/1701166394954_compressed.png,0.0,4,27,4,Brazil,08/02/1998,189.0,82.0,2,72,2025-08-14T17:00:00Z,Công An Hà Nội,Tiền đạo trung tâm
287,Olaha Michael Onyedikachi,2025-10-15 22:28:46,0.0,0.0,0.0,0.0,0.0,0.0,0.0,3.0,0.0,0.0,0.0,8.0,3.0,0.0,6.0,6.0,575.0,2.0,1.0,0.0,0.0,4.0,0.0,0.0,1.0,16.7,18.0,66.7,33.3,44.4,0.0,https://cdn.fstats.ai/fbs/fstat/1701857587382_compressed.png,0.0,CF,https://cdn.fstats.ai/fbs/fstat/1701166512042_compressed.png,0.0,4,28,13,Nigeria,04/07/1997,180.0,78.0,2,7,2025-08-14T17:00:00Z,Sông Lam Nghệ An,Tiền đạo trung tâm
288,Nguyễn Trọng Hoàng,2025-10-15 22:28:46,0.0,0.0,0.0,0.0,0.0,0.0,0.0,0.0,0.0,0.0,0.0,1.0,1.0,2.0,5.0,6.0,473.0,0.0,0.0,0.0,0.0,5.0,0.0,0.0,0.0,0.0,6.0,0.0,0.0,16.7,0.0,https://cdn.fstats.ai/fbs/fstat/1701660202156_compressed.png,0.0,RAM,https://cdn.fstats.ai/fbs/fstat/1701166425873_compressed.png,0.0,3,36,16,Việt Nam,14/04/1989,172.0,65.0,2,8,2025-08-14T17:00:00Z,Hồng Lĩnh Hà Tĩnh,Tiền vệ tấn công phải
289,Đinh Xuân Tiến,2025-10-15 22:28:46,0.0,0.0,0.0,0.0,0.0,0.0,0.0,1.0,0.0,0.0,0.0,2.0,0.0,2.0,1.0,6.0,169.0,0.0,1.0,0.0,0.0,2.0,0.0,0.0,1.0,16.7,6.0,100.0,0.0,33.3,0.0,https://cdn.fstats.ai/fbs/fstat/1701660286628_compressed.png,0.0,CAM,https://cdn.fstats.ai/fbs/fstat/1701166520282_compressed.png,0.0,3,22,34,Việt Nam,10/01/2003,171.0,65.0,2,19,2025-08-14T17:00:00Z,Thể Công – Viettel,Tiền vệ tấn công trung tâm
290,Trần Mạnh Quỳnh,2025-10-15 22:28:46,0.0,0.0,0.0,0.0,0.0,0.0,0.0,0.0,0.0,0.0,0.0,1.0,1.0,0.0,1.0,5.0,194.0,0.0,0.0,0.0,0.0,0.0,0.0,0.0,0.0,0.0,4.0,0.0,0.0,25.0,0.0,https://cdn.fstats.ai/fbs/fstat/1701660256114_compressed.png,0.0,RAM,https://cdn.fstats.ai/fbs/fstat/1701166512042_compressed.png,0.0,3,24,13,Việt Nam,18/01/2001,170.0,65.0,2,11,2025-08-14T17:00:00Z,Sông Lam Nghệ An,Tiền vệ tấn công phải
293,Nguyễn Quang Vinh,2025-10-15 22:28:46,0.0,0.0,0.0,0.0,0.0,0.0,0.0,0.0,0.0,0.0,0.0,1.0,1.0,0.0,5.0,6.0,464.0,0.0,0.0,0.0,0.0,15.0,1.0,0.0,0.0,0.0,4.0,0.0,0.0,25.0,0.0,https://cdn.fstats.ai/fbs/fstat/1701660195369_compressed.png,0.0,RCM,https://cdn.fstats.ai/fbs/fstat/1701166512042_compressed.png,0.0,3,20,13,Việt Nam,27/01/2005,174.0,68.0,2,16,2025-08-14T17:00:00Z,Sông Lam Nghệ An,Tiền vệ trung tâm phải
296,Phan Bá Quyền,2025-10-15 22:28:46,0.0,0.0,0.0,0.0,0.0,0.0,0.0,0.0,0.0,0.0,0.0,0.0,0.0,2.0,6.0,6.0,544.0,0.0,0.0,0.0,0.0,6.0,0.0,0.0,0.0,0.0,0.0,0.0,0.0,0.0,0.0,https://cdn.fstats.ai/fbs/fstat/1701660239723_compressed.png,0.0,RWB,https://cdn.fstats.ai/fbs/fstat/1701166512042_compressed.png,0.0,2,23,13,Việt Nam,17/02/2002,175.0,68.0,2,19,2025-08-14T17:00:00Z,Sông Lam Nghệ An,Hậu vệ cánh phải
297,Ngô Văn Lương,2025-10-15 22:28:46,0.0,1.0,0.0,0.0,0.0,0.0,0.0,2.0,0.0,1.0,0.0,3.0,2.0,1.0,5.0,6.0,356.0,0.0,2.0,0.0,0.0,3.0,0.0,0.0,1.0,33.3,6.0,0.0,100.0,50.0,0.0,https://cdn.fstats.ai/fbs/fstat/1701857558950_compressed.png,0.0,RCF,https://cdn.fstats.ai/fbs/fstat/1701166512042_compressed.png,0.0,4,24,13,Việt Nam,03/06/2001,172.0,65.0,2,20,2025-08-14T17:00:00Z,Sông Lam Nghệ An,Tiền đạo trung tâm phải
300,Mai Sỹ Hoàng,2025-10-15 22:28:46,0.0,2.0,0.0,0.0,0.0,0.0,0.0,1.0,0.0,2.0,0.0,1.0,1.0,2.0,6.0,6.0,568.0,0.0,1.0,0.0,0.0,2.0,0.0,0.0,2.0,33.3,3.0,0.0,100.0,33.3,0.0,https://cdn.fstats.ai/fbs/fstat/1701660177125_compressed.png,0.0,LB,https://cdn.fstats.ai/fbs/fstat/1701166425873_compressed.png,0.0,2,26,16,Việt Nam,01/01/1999,171.0,60.0,2,79,2025-08-14T17:00:00Z,Hồng Lĩnh Hà Tĩnh,Hậu vệ trái
312,Hoàng Văn Khánh,2025-10-15 22:28:46,0.0,0.0,0.0,0.0,0.0,0.0,0.0,0.0,0.0,0.0,0.0,0.0,0.0,1.0,0.0,0.0,0.0,0.0,0.0,0.0,0.0,0.0,0.0,0.0,0.0,0.0,0.0,0.0,0.0,0.0,0.0,https://cdn.fstats.ai/fbs/fstat/1726040902706_compressed.png,0.0,,https://cdn.fstats.ai/fbs/fstat/1701166512042_compressed.png,0.0,2,30,13,Việt Nam,05/04/1995,181.0,71.0,2,55,2025-08-14T17:00:00Z,Sông Lam Nghệ An,
319,Hồ Khắc Ngọc,2025-10-15 22:28:46,0.0,1.0,0.0,0.0,0.0,0.0,0.0,0.0,0.0,0.0,0.0,2.0,1.0,1.0,5.0,6.0,457.0,0.0,0.0,0.0,0.0,1.0,0.0,0.0,1.0,0.0,10.0,0.0,0.0,20.0,0.0,https://cdn.fstats.ai/fbs/fstat/1701858729030_compressed.png,0.0,RDM,https://cdn.fstats.ai/fbs/fstat/1701166512042_compressed.png,0.0,3,33,13,Việt Nam,02/08/1992,170.0,60.0,2,32,2025-08-14T17:00:00Z,Sông Lam Nghệ An,Tiền vệ phòng ngự phải
320,Trần Văn Kiên,2025-10-15 22:28:46,0.0,0.0,0.0,0.0,0.0,0.0,0.0,0.0,0.0,0.0,0.0,0.0,0.0,2.0,4.0,6.0,380.0,0.0,0.0,0.0,0.0,3.0,0.0,0.0,0.0,0.0,0.0,0.0,0.0,0.0,0.0,https://cdn.fstats.ai/fbs/fstat/1701659958795_compressed.png,0.0,RB,https://cdn.fstats.ai/fbs/fstat/1754537562222_compressed.png,0.0,2,29,1,Việt Nam,13/05/1996,170.0,62.0,2,13,2025-08-14T17:00:00Z,Thép Xanh Nam Định,Hậu vệ phải
323,Nguyễn Văn Vĩ,2025-10-15 22:28:46,0.0,0.0,0.0,0.0,0.0,0.0,0.0,0.0,0.0,0.0,0.0,0.0,0.0,1.0,5.0,6.0,509.0,0.0,0.0,0.0,0.0,2.0,0.0,0.0,0.0,0.0,5.0,0.0,0.0,0.0,0.0,https://cdn.fstats.ai/fbs/fstat/1701858696268_compressed.png,0.0,LB,https://cdn.fstats.ai/fbs/fstat/1754537562222_compressed.png,0.0,2,27,1,Việt Nam,12/02/1998,169.0,60.0,2,17,2025-08-14T17:00:00Z,Thép Xanh Nam Định,Hậu vệ trái
333,Trần Văn Công,2025-10-15 22:28:46,0.0,0.0,0.0,0.0,0.0,0.0,0.0,0.0,0.0,0.0,0.0,0.0,0.0,1.0,0.0,6.0,101.0,0.0,0.0,0.0,0.0,2.0,0.0,0.0,0.0,0.0,1.0,0.0,0.0,0.0,0.0,https://cdn.fstats.ai/fbs/fstat/1701660068947_compressed.png,0.0,LDM,https://cdn.fstats.ai/fbs/fstat/1754537562222_compressed.png,0.0,3,26,1,Việt Nam,15/02/1999,176.0,70.0,2,16,2025-08-14T17:00:00Z,Thép Xanh Nam Định,Tiền vệ phòng ngự trái
336,Lý Công Hoàng Anh,2025-10-15 22:28:46,0.0,0.0,0.0,0.0,0.0,0.0,0.0,1.0,0.0,0.0,0.0,2.0,0.0,1.0,6.0,6.0,432.0,0.0,1.0,0.0,0.0,5.0,0.0,0.0,0.0,16.7,6.0,100.0,0.0,33.3,0.0,https://cdn.fstats.ai/fbs/fstat/1701858551307_compressed.png,0.0,LCM,https://cdn.fstats.ai/fbs/fstat/1754537562222_compressed.png,0.0,3,26,1,Việt Nam,01/09/1999,166.0,70.0,2,88,2025-08-14T17:00:00Z,Thép Xanh Nam Định,Tiền vệ trung tâm trái
337,Nguyễn Văn Anh,2025-10-15 22:28:46,0.0,0.0,0.0,0.0,0.0,0.0,0.0,1.0,0.0,0.0,0.0,1.0,0.0,1.0,2.0,5.0,187.0,0.0,1.0,0.0,0.0,1.0,0.0,0.0,0.0,33.3,3.0,100.0,0.0,33.3,0.0,https://cdn.fstats.ai/fbs/fstat/1701660001503_compressed.png,0.0,LW,https://cdn.fstats.ai/fbs/fstat/1754537775084_compressed.png,0.0,4,28,40,Việt Nam,20/10/1996,175.0,75.0,2,28,2025-08-14T17:00:00Z,BECAMEX HCM CITY,Tiền đạo cánh trái
342,Võ Huy Toàn,2025-10-15 22:28:46,0.0,0.0,0.0,0.0,0.0,0.0,0.0,1.0,0.0,0.0,0.0,1.0,0.0,1.0,4.0,6.0,311.0,1.0,0.0,0.0,0.0,4.0,0.0,0.0,0.0,50.0,2.0,100.0,0.0,50.0,0.0,https://cdn.fstats.ai/fbs/fstat/1701859453015_compressed.png,0.0,LM,https://cdn.fstats.ai/fbs/fstat/1754533850499_compressed.png,0.0,3,32,28,Việt Nam,15/03/1993,168.0,65.0,2,6,2025-08-14T17:00:00Z,Công an TP.HCM,Tiền vệ cánh trái
345,Hồ Tuấn Tài,2025-10-15 22:28:46,0.0,0.0,0.0,0.0,0.0,0.0,0.0,0.0,0.0,0.0,0.0,1.0,0.0,0.0,2.0,5.0,195.0,0.0,0.0,0.0,0.0,1.0,0.0,0.0,0.0,0.0,1.0,0.0,0.0,100.0,0.0,https://cdn.fstats.ai/fbs/fstat/1701659774854_compressed.png,0.0,CF,https://cdn.fstats.ai/fbs/fstat/1754537775084_compressed.png,0.0,4,30,40,Việt Nam,16/03/1995,172.0,68.0,2,18,2025-08-16T17:00:00Z,BECAMEX HCM CITY,Tiền đạo trung tâm
356,Hoàng Vĩnh Nguyên,2025-10-15 22:28:46,0.0,1.0,0.0,0.0,0.0,0.0,0.0,0.0,0.0,1.0,0.0,0.0,0.0,1.0,5.0,5.0,463.0,0.0,0.0,0.0,0.0,6.0,0.0,0.0,2.0,0.0,1.0,0.0,0.0,0.0,0.0,https://cdn.fstats.ai/fbs/fstat/1701659707501_compressed.png,0.0,RCM,https://cdn.fstats.ai/fbs/fstat/1727751772493_compressed.png,0.0,3,23,7,Việt Nam,03/02/2002,170.0,60.0,2,23,2025-08-14T17:00:00Z,Hoàng Anh Gia Lai,Tiền vệ trung tâm phải
358,Trần Hoàng Phúc,2025-10-15 22:28:46,0.0,0.0,0.0,0.0,0.0,0.0,0.0,0.0,0.0,0.0,0.0,0.0,0.0,1.0,3.0,6.0,303.0,0.0,0.0,0.0,0.0,4.0,9.0,0.0,0.0,0.0,0.0,0.0,0.0,0.0,0.0,https://cdn.fstats.ai/fbs/fstat/1701859520235_compressed.png,0.0,LWB,https://cdn.fstats.ai/fbs/fstat/1754533850499_compressed.png,0.0,2,24,28,Việt Nam,28/04/2001,181.0,77.0,2,28,2025-08-14T17:00:00Z,Công an TP.HCM,Hậu vệ cánh trái
367,Bùi Tiến Dũng,2025-10-15 22:28:46,0.0,0.0,0.0,0.0,0.0,0.0,0.0,1.0,0.0,0.0,1.0,1.0,0.0,0.0,6.0,6.0,557.0,0.0,1.0,0.0,0.0,2.0,5.0,0.0,0.0,50.0,2.0,100.0,0.0,50.0,0.0,https://cdn.fstats.ai/fbs/fstat/1701858103273_compressed.png,0.0,RCB,https://cdn.fstats.ai/fbs/fstat/1701166520282_compressed.png,0.0,2,30,34,Việt Nam,02/10/1995,172.0,70.0,2,4,2025-08-14T17:00:00Z,Thể Công – Viettel,Trung vệ phải
371,Nguyễn Hữu Thắng,2025-10-15 22:28:46,0.0,1.0,0.0,0.0,0.0,0.0,0.0,0.0,0.0,0.0,0.0,1.0,0.0,2.0,2.0,6.0,183.0,0.0,0.0,0.0,0.0,2.0,0.0,0.0,1.0,0.0,3.0,0.0,0.0,33.3,0.0,https://cdn.fstats.ai/fbs/fstat/1701658612115_compressed.png,0.0,CAM,https://cdn.fstats.ai/fbs/fstat/1701166520282_compressed.png,0.0,3,25,34,Việt Nam,19/05/2000,168.0,63.0,2,8,2025-08-14T17:00:00Z,Thể Công – Viettel,Tiền vệ tấn công trung tâm
373,Khuất Văn Khang,2025-10-15 22:28:46,0.0,0.0,0.0,0.0,0.0,0.0,0.0,1.0,0.0,0.0,0.0,2.0,0.0,1.0,6.0,6.0,409.0,1.0,0.0,0.0,0.0,1.0,2.0,0.0,1.0,14.3,7.0,100.0,0.0,28.6,0.0,https://cdn.fstats.ai/fbs/fstat/1701658655643_compressed.png,0.0,LM,https://cdn.fstats.ai/fbs/fstat/1701166520282_compressed.png,0.0,3,22,34,Việt Nam,11/05/2003,168.0,63.0,2,11,2025-08-14T17:00:00Z,Thể Công – Viettel,Tiền vệ cánh trái
380,Nguyễn Đức Chiến,2025-10-15 22:28:46,0.0,1.0,0.0,0.0,0.0,0.0,0.0,2.0,0.0,0.0,0.0,2.0,0.0,2.0,6.0,6.0,580.0,0.0,2.0,0.0,1.0,12.0,1.0,0.0,2.0,50.0,4.0,100.0,0.0,50.0,0.0,https://cdn.fstats.ai/fbs/fstat/1701658728658_compressed.png,0.0,LDM,https://cdn.fstats.ai/fbs/fstat/1754537409346_compressed.png,0.0,3,27,97,Việt Nam,24/08/1998,180.0,77.0,2,7,2025-08-14T17:00:00Z,Ninh Bình,Tiền vệ phòng ngự trái
384,Nguyễn Hoàng Đức,2025-10-15 22:28:46,0.0,3.0,0.0,0.0,0.0,0.0,0.0,2.0,0.0,1.0,0.0,4.0,3.0,0.0,0.0,0.0,0.0,0.0,0.0,0.0,0.0,0.0,0.0,0.0,0.0,0.0,0.0,0.0,0.0,0.0,0.0,https://cdn.fstats.ai/fbs/fstat/1701658709946_compressed.png,0.0,,https://cdn.fstats.ai/fbs/fstat/1754537409346_compressed.png,0.0,3,27,97,Việt Nam,11/01/1998,183.0,74.0,2,28,2025-08-14T17:00:00Z,Ninh Bình,
389,Trương Tiến Anh,2025-10-15 22:28:46,0.0,2.0,0.0,0.0,0.0,0.0,0.0,0.0,0.0,1.0,0.0,2.0,1.0,0.0,6.0,6.0,578.0,0.0,0.0,0.0,0.0,0.0,0.0,0.0,2.0,0.0,6.0,0.0,0.0,33.3,0.0,https://cdn.fstats.ai/fbs/fstat/1701658700933_compressed.png,0.0,LCM,https://cdn.fstats.ai/fbs/fstat/1701166520282_compressed.png,0.0,3,26,34,Việt Nam,25/04/1999,168.0,68.0,2,86,2025-08-14T17:00:00Z,Thể Công – Viettel,Tiền vệ trung tâm trái
409,Onoja Joseph,2025-10-15 22:28:46,0.0,0.0,0.0,0.0,0.0,0.0,0.0,0.0,0.0,0.0,0.0,0.0,0.0,2.0,5.0,6.0,539.0,0.0,0.0,0.0,0.0,5.0,0.0,0.0,0.0,0.0,0.0,0.0,0.0,0.0,0.0,https://cdn.fstats.ai/fbs/fstat/1709262734283_compressed.png,0.0,CM,https://cdn.fstats.ai/fbs/fstat/1701166425873_compressed.png,0.0,3,26,16,Nigeria,06/11/1998,183.0,77.0,2,5,2025-08-14T17:00:00Z,Hồng Lĩnh Hà Tĩnh,Tiền vệ trung tâm
412,Atshimene Charles,2025-10-15 22:28:46,0.0,0.0,0.0,0.0,0.0,0.0,0.0,2.0,0.0,0.0,0.0,6.0,0.0,0.0,6.0,6.0,537.0,0.0,1.0,1.0,0.0,1.0,0.0,0.0,0.0,12.5,16.0,100.0,0.0,37.5,0.0,https://cdn.fstats.ai/fbs/fstat/1709262876091_compressed.png,0.0,ST,https://cdn.fstats.ai/fbs/fstat/1701166425873_compressed.png,0.0,4,24,16,Nigeria,05/02/2001,188.0,77.0,2,90,2025-08-14T17:00:00Z,Hồng Lĩnh Hà Tĩnh,Tiền đạo cắm
442,Pedro Henrique Oliveira Silva,2025-10-15 22:28:46,0.0,0.0,0.0,0.0,0.0,0.0,0.0,3.0,0.0,0.0,0.0,4.0,0.0,0.0,6.0,6.0,524.0,1.0,1.0,1.0,1.0,1.0,0.0,0.0,0.0,18.8,16.0,100.0,0.0,25.0,0.0,https://cdn.fstats.ai/fbs/fstat/1715573973892_compressed.png,0.0,LCF,https://cdn.fstats.ai/fbs/fstat/1701166520282_compressed.png,0.0,4,28,34,Không có thông tin,02/02/1997,182.0,80.0,2,10,2025-08-14T17:00:00Z,Thể Công – Viettel,Tiền đạo trung tâm trái
451,Lê Đình Long Vũ,2025-10-15 22:28:46,0.0,0.0,0.0,0.0,0.0,0.0,0.0,0.0,0.0,0.0,0.0,0.0,0.0,1.0,2.0,6.0,216.0,0.0,0.0,0.0,0.0,1.0,0.0,0.0,0.0,0.0,3.0,0.0,0.0,0.0,0.0,https://cdn.fstats.ai/fbs/fstat/1711939187141_compressed.png,0.0,CF,https://cdn.fstats.ai/fbs/fstat/1701166512042_compressed.png,0.0,4,19,13,Việt Nam,27/05/2006,172.0,65.0,2,18,2025-08-14T17:00:00Z,Sông Lam Nghệ An,Tiền đạo trung tâm
454,Phạm Trung Hiếu,2025-10-15 22:28:46,0.0,0.0,0.0,0.0,1.0,0.0,0.0,0.0,0.0,0.0,0.0,0.0,0.0,0.0,6.0,6.0,507.0,0.0,0.0,0.0,0.0,5.0,0.0,0.0,0.0,0.0,3.0,0.0,0.0,0.0,0.0,https://cdn.fstats.ai/fbs/fstat/1711939837543_compressed.png,0.0,RB,https://cdn.fstats.ai/fbs/fstat/1701166416543_compressed.png,0.0,2,27,31,Việt Nam,02/09/1998,169.0,65.0,2,17,2025-08-14T17:00:00Z,Hải Phòng,Hậu vệ phải
457,Nguyễn Hồng Phúc,2025-10-15 22:28:46,0.0,0.0,0.0,0.0,0.0,0.0,0.0,0.0,0.0,0.0,0.0,0.0,0.0,2.0,0.0,0.0,0.0,0.0,0.0,0.0,0.0,0.0,0.0,0.0,0.0,0.0,0.0,0.0,0.0,0.0,0.0,https://cdn.fstats.ai/fbs/fstat/1711940471093_compressed.png,0.0,,https://cdn.fstats.ai/fbs/fstat/1715846388240_compressed.png,0.0,2,22,43,Việt Nam,31/05/2003,178.0,66.0,2,23,2025-08-14T17:00:00Z,SHB Đà Nẵng,
601,Nguyễn Trọng Long,2025-10-15 22:28:46,0.0,0.0,0.0,0.0,0.0,0.0,0.0,0.0,0.0,0.0,0.0,0.0,0.0,1.0,0.0,0.0,0.0,0.0,0.0,0.0,0.0,0.0,0.0,0.0,0.0,0.0,0.0,0.0,0.0,0.0,0.0,https://cdn.fstats.ai/fbs/fstat/1726720133847_compressed.png,0.0,,https://cdn.fstats.ai/fbs/fstat/1754537409346_compressed.png,0.0,3,25,97,Việt Nam,06/01/2000,170.0,69.0,2,29,2025-08-14T17:00:00Z,Ninh Bình,
613,Rodrigues Gustavo Henrique,2025-10-15 22:28:46,0.0,0.0,0.0,0.0,0.0,0.0,0.0,4.0,0.0,0.0,0.0,5.0,2.0,0.0,0.0,0.0,0.0,0.0,0.0,0.0,0.0,0.0,0.0,0.0,0.0,0.0,0.0,0.0,0.0,0.0,0.0,https://cdn.fstats.ai/fbs/fstat/1721189122318_compressed.png,0.0,,https://cdn.fstats.ai/fbs/fstat/1754537409346_compressed.png,0.0,4,29,97,Việt Nam,08/11/1995,183.0,75.0,2,68,2025-08-14T17:00:00Z,Ninh Bình,
625,Phan Văn Biểu,2025-10-15 22:28:46,0.0,0.0,0.0,0.0,0.0,0.0,0.0,0.0,0.0,0.0,0.0,0.0,0.0,1.0,3.0,6.0,301.0,0.0,0.0,0.0,0.0,1.0,0.0,0.0,0.0,0.0,0.0,0.0,0.0,0.0,0.0,https://cdn.fstats.ai/fbs/fstat/1721199487830_compressed.png,1.0,GK,https://cdn.fstats.ai/fbs/fstat/1715846388240_compressed.png,0.0,1,27,43,Việt Nam,12/03/1998,175.0,72.0,2,1,2025-08-14T17:00:00Z,SHB Đà Nẵng,Thủ môn
634,Đặng Anh Tuấn,2025-10-15 22:28:46,0.0,0.0,0.0,0.0,0.0,0.0,0.0,0.0,0.0,0.0,0.0,1.0,0.0,0.0,0.0,0.0,0.0,0.0,0.0,0.0,0.0,0.0,0.0,0.0,0.0,0.0,0.0,0.0,0.0,0.0,0.0,https://cdn.fstats.ai/fbs/fstat/1721200197820_compressed.png,0.0,,https://cdn.fstats.ai/fbs/fstat/1715846388240_compressed.png,0.0,3,31,43,Việt Nam,01/08/1994,172.0,68.0,2,6,2025-08-14T17:00:00Z,SHB Đà Nẵng,
640,Phan Văn Long,2025-10-15 22:28:46,0.0,2.0,0.0,0.0,0.0,0.0,0.0,1.0,0.0,0.0,0.0,2.0,0.0,0.0,0.0,0.0,0.0,0.0,0.0,0.0,0.0,0.0,0.0,0.0,0.0,0.0,0.0,0.0,0.0,0.0,0.0,https://cdn.fstats.ai/fbs/fstat/1721200338702_compressed.png,0.0,,https://cdn.fstats.ai/fbs/fstat/1715846388240_compressed.png,0.0,4,29,43,Việt Nam,01/06/1996,178.0,79.0,2,11,2025-08-14T17:00:00Z,SHB Đà Nẵng,
649,Phạm Văn Hữu,2025-10-15 22:28:46,0.0,1.0,0.0,0.0,0.0,0.0,0.0,0.0,0.0,1.0,0.0,0.0,0.0,1.0,0.0,0.0,0.0,0.0,0.0,0.0,0.0,0.0,0.0,0.0,0.0,0.0,0.0,0.0,0.0,0.0,0.0,https://cdn.fstats.ai/fbs/fstat/1721200576946_compressed.png,0.0,,https://cdn.fstats.ai/fbs/fstat/1715846388240_compressed.png,0.0,3,24,43,Việt Nam,03/06/2001,165.0,65.0,2,16,2025-08-14T17:00:00Z,SHB Đà Nẵng,
652,Phạm Đình Duy,2025-10-15 22:28:46,0.0,0.0,0.0,0.0,0.0,0.0,0.0,0.0,0.0,0.0,0.0,2.0,0.0,0.0,0.0,0.0,0.0,0.0,0.0,0.0,0.0,0.0,0.0,0.0,0.0,0.0,0.0,0.0,0.0,0.0,0.0,https://cdn.fstats.ai/fbs/fstat/1721200628864_compressed.png,0.0,,https://cdn.fstats.ai/fbs/fstat/1715846388240_compressed.png,0.0,4,23,43,Việt Nam,02/04/2002,174.0,71.0,2,18,2025-08-14T17:00:00Z,SHB Đà Nẵng,
658,Lương Duy Cương,2025-10-15 22:28:46,0.0,0.0,0.0,0.0,0.0,0.0,0.0,0.0,0.0,0.0,0.0,0.0,0.0,1.0,0.0,0.0,0.0,0.0,0.0,0.0,0.0,0.0,0.0,0.0,0.0,0.0,0.0,0.0,0.0,0.0,0.0,https://cdn.fstats.ai/fbs/fstat/1721200757807_compressed.png,0.0,,https://cdn.fstats.ai/fbs/fstat/1715846388240_compressed.png,0.0,2,23,43,Việt Nam,07/11/2001,182.0,77.0,2,20,2025-08-14T17:00:00Z,SHB Đà Nẵng,
661,Nguyễn Phi Hoàng,2025-10-15 22:28:46,0.0,1.0,0.0,0.0,0.0,0.0,0.0,0.0,0.0,1.0,0.0,0.0,0.0,0.0,0.0,0.0,0.0,0.0,0.0,0.0,0.0,0.0,0.0,0.0,0.0,0.0,0.0,0.0,0.0,0.0,0.0,https://cdn.fstats.ai/fbs/fstat/1721200839637_compressed.png,0.0,,https://cdn.fstats.ai/fbs/fstat/1715846388240_compressed.png,0.0,3,22,43,Việt Nam,27/02/2003,172.0,63.0,2,21,2025-08-14T17:00:00Z,SHB Đà Nẵng,
664,Nguyễn Công Nhật,2025-10-15 22:28:46,0.0,0.0,0.0,0.0,0.0,0.0,0.0,0.0,0.0,0.0,0.0,0.0,0.0,1.0,3.0,4.0,246.0,0.0,0.0,0.0,0.0,2.0,0.0,0.0,0.0,0.0,0.0,0.0,0.0,0.0,0.0,https://cdn.fstats.ai/fbs/fstat/1721200894773_compressed.png,0.0,CB,https://cdn.fstats.ai/fbs/fstat/1754538455244_compressed.png,0.0,2,32,19,Việt Nam,12/05/1993,172.0,63.0,2,22,2025-08-14T17:00:00Z,Hà Nội,Trung vệ
763,Đoàn Anh Việt,2025-10-15 22:28:46,0.0,1.0,0.0,0.0,1.0,0.0,0.0,0.0,0.0,0.0,0.0,0.0,0.0,0.0,2.0,3.0,196.0,0.0,0.0,0.0,0.0,0.0,0.0,0.0,1.0,0.0,0.0,0.0,0.0,0.0,0.0,https://cdn.fstats.ai/fbs/fstat/1721291143070_compressed.png,0.0,CB,https://cdn.fstats.ai/fbs/fstat/1722243921956_compressed.png,0.0,2,26,52,Việt Nam,15/08/1999,186.0,76.0,2,5,2025-08-14T17:00:00Z,PVF - CAND,Trung vệ
796,Lê Minh Bình,2025-10-15 22:28:46,0.0,0.0,0.0,0.0,0.0,0.0,0.0,0.0,0.0,0.0,0.0,1.0,1.0,1.0,5.0,5.0,389.0,0.0,0.0,0.0,0.0,5.0,0.0,0.0,1.0,0.0,6.0,0.0,0.0,16.7,0.0,https://cdn.fstats.ai/fbs/fstat/1721359574305_compressed.png,0.0,LM,https://cdn.fstats.ai/fbs/fstat/1754537775084_compressed.png,0.0,3,25,40,Việt Nam,25/12/1999,175.0,68.0,2,9,2025-08-16T17:00:00Z,BECAMEX HCM CITY,Tiền vệ cánh trái
954,Nguyễn Văn Tú,2025-10-15 22:28:46,0.0,0.0,0.0,0.0,0.0,0.0,0.0,0.0,0.0,0.0,0.0,1.0,0.0,0.0,2.0,4.0,164.0,0.0,0.0,0.0,0.0,1.0,0.0,0.0,0.0,0.0,3.0,0.0,0.0,33.3,0.0,https://cdn.fstats.ai/fbs/fstat/1726197211992_compressed.png,0.0,CM,https://cdn.fstats.ai/fbs/fstat/1701166520282_compressed.png,0.0,3,22,34,Việt Nam,17/01/2003,176.0,70.0,2,88,2025-08-14T17:00:00Z,Thể Công – Viettel,Tiền vệ trung tâm
988,Nguyễn Ngọc Mỹ,2025-10-15 22:28:46,0.0,1.0,0.0,0.0,0.0,0.0,0.0,1.0,0.0,0.0,0.0,1.0,0.0,1.0,5.0,6.0,517.0,0.0,0.0,1.0,0.0,1.0,0.0,0.0,1.0,10.0,10.0,100.0,0.0,10.0,0.0,https://cdn.fstats.ai/fbs/fstat/1726126625702_compressed.png,0.0,RCF,https://cdn.fstats.ai/fbs/fstat/1701166402335_compressed.png,0.0,4,21,37,Việt Nam,20/02/2004,177.0,72.0,2,24,2025-08-14T17:00:00Z,Đông Á Thanh Hóa,Tiền đạo trung tâm phải
993,Lê Văn Thuận,2025-10-15 22:28:46,0.0,2.0,0.0,0.0,0.0,0.0,0.0,1.0,0.0,2.0,0.0,5.0,3.0,0.0,5.0,6.0,474.0,0.0,1.0,0.0,0.0,1.0,0.0,0.0,2.0,10.0,10.0,100.0,0.0,50.0,0.0,https://cdn.fstats.ai/fbs/fstat/1726128689539_compressed.png,0.0,CM,https://cdn.fstats.ai/fbs/fstat/1701166402335_compressed.png,0.0,3,19,37,Việt Nam,15/07/2006,176.0,61.0,2,47,2025-08-14T17:00:00Z,Đông Á Thanh Hóa,Tiền vệ trung tâm
1063,Nguyễn Anh Tuấn,2025-10-15 22:28:46,0.0,0.0,0.0,0.0,0.0,0.0,0.0,0.0,0.0,0.0,0.0,0.0,0.0,1.0,0.0,5.0,28.0,0.0,0.0,0.0,0.0,1.0,0.0,0.0,0.0,0.0,0.0,0.0,0.0,0.0,0.0,https://cdn.fstats.ai/fbs/fstat/1755248672442_compressed.png,0.0,CF,https://cdn.fstats.ai/fbs/fstat/1722243921956_compressed.png,0.0,4,21,52,Việt Nam,07/05/2004,177.0,72.0,2,36,2025-08-14T17:00:00Z,PVF - CAND,Tiền đạo trung tâm
1065,Võ Anh Quân,2025-10-15 22:28:46,0.0,2.0,0.0,0.0,0.0,0.0,0.0,0.0,0.0,1.0,0.0,0.0,0.0,0.0,5.0,6.0,438.0,0.0,0.0,0.0,0.0,2.0,0.0,0.0,2.0,0.0,0.0,0.0,0.0,0.0,0.0,https://cdn.fstats.ai/fbs/fstat/1755248406005_compressed.png,0.0,CB,https://cdn.fstats.ai/fbs/fstat/1722243921956_compressed.png,0.0,2,21,52,Việt Nam,07/05/2004,173.0,63.0,2,20,2025-08-14T17:00:00Z,PVF - CAND,Trung vệ
1155,Trần Gia Bảo,2025-10-15 22:28:46,0.0,0.0,0.0,0.0,0.0,0.0,0.0,0.0,0.0,0.0,0.0,0.0,0.0,1.0,0.0,4.0,53.0,0.0,0.0,0.0,0.0,2.0,0.0,0.0,0.0,0.0,1.0,0.0,0.0,0.0,0.0,https://cdn.fstats.ai/fbs/fstat/1726213470957_compressed.png,0.0,CF,https://cdn.fstats.ai/fbs/fstat/1727751772493_compressed.png,0.0,4,17,7,Việt Nam,03/01/2008,175.0,65.0,2,16,2025-08-14T17:00:00Z,Hoàng Anh Gia Lai,Tiền đạo trung tâm
1180,Cao Quang Vinh Pendant,2025-10-15 22:28:46,0.0,1.0,0.0,0.0,0.0,0.0,0.0,0.0,0.0,0.0,0.0,0.0,0.0,0.0,5.0,5.0,424.0,0.0,0.0,0.0,0.0,0.0,1.0,0.0,1.0,0.0,1.0,0.0,0.0,0.0,0.0,https://cdn.fstats.ai/fbs/fstat/1726719771645_compressed.png,0.0,LWB,https://cdn.fstats.ai/fbs/fstat/1701166394954_compressed.png,0.0,2,28,4,France,09/02/1997,177.0,75.0,2,7,2025-08-14T17:00:00Z,Công An Hà Nội,Hậu vệ cánh trái
1183,Rosa Nascimento Vitor Hugo,2025-10-15 22:28:46,0.0,0.0,0.0,0.0,0.0,0.0,0.0,0.0,0.0,0.0,0.0,0.0,0.0,1.0,1.0,2.0,91.0,0.0,0.0,0.0,0.0,1.0,0.0,0.0,0.0,0.0,3.0,0.0,0.0,0.0,0.0,https://cdn.fstats.ai/fbs/fstat/1726719815452_compressed.png,0.0,CM,https://cdn.fstats.ai/fbs/fstat/1701166394954_compressed.png,0.0,3,31,4,Brazail,12/08/1994,188.0,83.0,2,8,2025-08-14T17:00:00Z,Công An Hà Nội,Tiền vệ trung tâm
1186,Phạm Minh Phúc,2025-10-15 22:28:46,0.0,0.0,0.0,0.0,0.0,0.0,0.0,0.0,0.0,0.0,0.0,0.0,0.0,0.0,0.0,3.0,24.0,0.0,0.0,0.0,0.0,0.0,0.0,0.0,0.0,0.0,1.0,0.0,0.0,0.0,0.0,https://cdn.fstats.ai/fbs/fstat/1726720085239_compressed.png,0.0,CM,https://cdn.fstats.ai/fbs/fstat/1701166394954_compressed.png,0.0,3,21,4,Việt Nam,07/02/2004,172.0,64.0,2,22,2025-08-14T17:00:00Z,Công An Hà Nội,Tiền vệ trung tâm
1198,Colonna Kyle Nino,2025-10-15 22:28:46,0.0,0.0,0.0,0.0,0.0,0.0,0.0,0.0,0.0,0.0,0.0,0.0,0.0,0.0,6.0,6.0,578.0,0.0,0.0,0.0,0.0,2.0,5.0,0.0,0.0,0.0,1.0,0.0,0.0,0.0,0.0,https://cdn.fstats.ai/fbs/fstat/1725956901947_compressed.png,0.0,CB,https://cdn.fstats.ai/fbs/fstat/1701166520282_compressed.png,0.0,2,26,34,United States,02/08/1999,188.0,81.0,2,2,2025-08-14T17:00:00Z,Thể Công – Viettel,Trung vệ
1219,Abdurakhmanov Odilzhon Alisherovich,2025-10-15 22:28:46,0.0,0.0,0.0,0.0,0.0,0.0,0.0,0.0,0.0,0.0,0.0,1.0,0.0,0.0,4.0,6.0,382.0,0.0,0.0,0.0,0.0,1.0,0.0,0.0,0.0,0.0,1.0,0.0,0.0,100.0,0.0,https://cdn.fstats.ai/fbs/fstat/1726109724928_compressed.png,0.0,CB,https://cdn.fstats.ai/fbs/fstat/1701166402335_compressed.png,0.0,2,29,37,Kyrgyzstan,18/03/1996,185.0,80.0,2,77,2025-08-14T17:00:00Z,Đông Á Thanh Hóa,Trung vệ
1222,Nguyễn Khắc Vũ,2025-10-15 22:28:46,0.0,0.0,0.0,0.0,0.0,0.0,0.0,0.0,0.0,0.0,0.0,0.0,0.0,0.0,2.0,6.0,254.0,0.0,0.0,0.0,0.0,0.0,1.0,0.0,0.0,0.0,0.0,0.0,0.0,0.0,0.0,https://cdn.fstats.ai/fbs/fstat/1726110245044_compressed.png,0.0,CB,https://cdn.fstats.ai/fbs/fstat/1754537775084_compressed.png,0.0,2,28,40,Việt Nam,27/04/1997,182.0,71.0,2,27,2025-08-14T17:00:00Z,BECAMEX HCM CITY,Trung vệ
1231,Caio César da Silva Silveira,2025-10-15 22:28:46,0.0,0.0,0.0,0.0,0.0,0.0,0.0,1.0,0.0,0.0,0.0,1.0,1.0,1.0,5.0,5.0,334.0,0.0,1.0,0.0,0.0,6.0,0.0,0.0,0.0,20.0,5.0,0.0,100.0,20.0,0.0,https://cdn.fstats.ai/fbs/fstat/1726111484016_compressed.png,0.0,CM,https://cdn.fstats.ai/fbs/fstat/1754537562222_compressed.png,0.0,3,30,1,Brazil,27/07/1995,178.0,71.0,2,10,2025-08-14T17:00:00Z,Thép Xanh Nam Định,Tiền vệ trung tâm
1246,Endrick Dos Santos Parafita,2025-10-15 22:28:46,0.0,0.0,0.0,0.0,1.0,0.0,0.0,1.0,0.0,0.0,0.0,1.0,0.0,0.0,4.0,4.0,238.0,0.0,1.0,0.0,0.0,3.0,0.0,0.0,0.0,20.0,5.0,100.0,0.0,20.0,0.0,https://cdn.fstats.ai/fbs/fstat/1726126450431_compressed.png,0.0,CM,https://cdn.fstats.ai/fbs/fstat/1754533850499_compressed.png,0.0,3,30,28,Malaysia,07/03/1995,182.0,72.0,2,14,2025-08-14T17:00:00Z,Công an TP.HCM,Tiền vệ trung tâm
1249,Nguyễn Thái Quốc Cường,2025-10-15 22:28:46,0.0,1.0,0.0,0.0,4.0,0.0,0.0,2.0,0.0,1.0,0.0,3.0,1.0,0.0,6.0,6.0,496.0,1.0,1.0,0.0,0.0,4.0,1.0,0.0,1.0,40.0,5.0,50.0,50.0,60.0,0.0,https://cdn.fstats.ai/fbs/fstat/1726126505712_compressed.png,0.0,CM,https://cdn.fstats.ai/fbs/fstat/1754533850499_compressed.png,0.0,3,21,28,Việt Nam,06/03/2004,173.0,67.0,2,19,2025-08-14T17:00:00Z,Công an TP.HCM,Tiền vệ trung tâm
1255,Amarildo Aparecido De Souza Junior,2025-10-15 22:28:46,0.0,0.0,0.0,0.0,1.0,0.0,0.0,2.0,0.0,0.0,0.0,2.0,0.0,0.0,5.0,6.0,462.0,0.0,2.0,0.0,1.0,1.0,0.0,0.0,0.0,28.6,7.0,100.0,0.0,28.6,0.0,https://cdn.fstats.ai/fbs/fstat/1726128148803_compressed.png,0.0,CF,https://cdn.fstats.ai/fbs/fstat/1722243921956_compressed.png,0.0,4,26,52,Brzail,19/01/1999,182.0,80.0,2,99,2025-08-14T17:00:00Z,PVF - CAND,Tiền đạo trung tâm
1258,Lê Quốc Nhật Nam,2025-10-15 22:28:46,0.0,0.0,0.0,0.0,0.0,0.0,0.0,0.0,0.0,0.0,0.0,0.0,0.0,0.0,2.0,6.0,194.0,0.0,0.0,0.0,0.0,2.0,0.0,0.0,0.0,0.0,3.0,0.0,0.0,0.0,0.0,https://cdn.fstats.ai/fbs/fstat/1726128451492_compressed.png,0.0,CM,https://cdn.fstats.ai/fbs/fstat/1701166520282_compressed.png,0.0,3,24,34,Việt Nam,23/03/2001,166.0,66.0,2,16,2025-08-14T17:00:00Z,Thể Công – Viettel,Tiền vệ trung tâm
1261,Nguyễn Bá Tiến,2025-10-15 22:28:46,0.0,0.0,0.0,0.0,0.0,0.0,0.0,0.0,0.0,0.0,0.0,0.0,0.0,0.0,3.0,6.0,300.0,0.0,0.0,0.0,0.0,1.0,0.0,0.0,0.0,0.0,0.0,0.0,0.0,0.0,0.0,https://cdn.fstats.ai/fbs/fstat/1726128485490_compressed.png,0.0,CM,https://cdn.fstats.ai/fbs/fstat/1701166402335_compressed.png,0.0,3,24,37,Việt Nam,19/01/2001,170.0,65.0,2,7,2025-08-14T17:00:00Z,Đông Á Thanh Hóa,Tiền vệ trung tâm
1267,Wesley Nata Wachholz,2025-10-15 22:28:46,0.0,0.0,0.0,0.0,0.0,0.0,0.0,0.0,0.0,0.0,0.0,0.0,0.0,1.0,6.0,6.0,578.0,0.0,0.0,0.0,0.0,5.0,0.0,0.0,0.0,0.0,9.0,0.0,0.0,0.0,0.0,https://cdn.fstats.ai/fbs/fstat/1726131388468_compressed.png,0.0,CM,https://cdn.fstats.ai/fbs/fstat/1701166520282_compressed.png,0.0,3,30,34,Không có thông tin,18/04/1995,184.0,79.0,2,25,2025-08-14T17:00:00Z,Thể Công – Viettel,Tiền vệ trung tâm
1270,Nguyễn Hữu Nam,2025-10-15 22:28:46,0.0,1.0,0.0,0.0,0.0,0.0,0.0,2.0,0.0,0.0,0.0,2.0,0.0,1.0,3.0,6.0,278.0,0.0,2.0,0.0,0.0,4.0,0.0,0.0,1.0,28.6,7.0,100.0,0.0,28.6,0.0,https://cdn.fstats.ai/fbs/fstat/1726131736115_compressed.png,0.0,CM,https://cdn.fstats.ai/fbs/fstat/1701166416543_compressed.png,0.0,3,24,31,Việt Nam,01/01/2001,176.0,65.0,2,9,2025-08-14T17:00:00Z,Hải Phòng,Tiền vệ trung tâm
1285,Nguyễn Thái Học,2025-10-15 22:28:46,0.0,0.0,0.0,0.0,0.0,0.0,0.0,0.0,0.0,0.0,0.0,0.0,0.0,0.0,0.0,3.0,0.0,0.0,0.0,0.0,0.0,0.0,0.0,0.0,0.0,0.0,0.0,0.0,0.0,0.0,0.0,https://cdn.fstats.ai/fbs/fstat/1726194702769_compressed.png,0.0,CM,https://cdn.fstats.ai/fbs/fstat/1701166416543_compressed.png,0.0,3,23,31,Việt Nam,17/01/2002,170.0,64.0,2,14,2025-08-14T17:00:00Z,Hải Phòng,Tiền vệ trung tâm
1291,Nguyễn Mai Hoàng,2025-10-15 22:28:46,0.0,0.0,0.0,0.0,0.0,0.0,0.0,0.0,0.0,0.0,0.0,0.0,0.0,0.0,0.0,6.0,54.0,0.0,0.0,0.0,0.0,0.0,0.0,0.0,0.0,0.0,0.0,0.0,0.0,0.0,0.0,https://cdn.fstats.ai/fbs/fstat/1726196644453_compressed.png,0.0,CB,https://cdn.fstats.ai/fbs/fstat/1701166512042_compressed.png,0.0,2,20,13,Việt Nam,21/02/2005,174.0,65.0,2,35,2025-08-14T17:00:00Z,Sông Lam Nghệ An,Trung vệ
1294,Nguyễn Hữu Hậu,2025-10-15 22:28:46,0.0,0.0,0.0,0.0,0.0,0.0,0.0,0.0,0.0,0.0,0.0,0.0,0.0,0.0,0.0,6.0,0.0,0.0,0.0,0.0,0.0,0.0,0.0,0.0,0.0,0.0,0.0,0.0,0.0,0.0,0.0,https://cdn.fstats.ai/fbs/fstat/1726196693339_compressed.png,1.0,GK,https://cdn.fstats.ai/fbs/fstat/1701166512042_compressed.png,0.0,1,21,13,Việt Nam,19/04/2004,183.0,75.0,2,26,2025-08-14T17:00:00Z,Sông Lam Nghệ An,Thủ môn
1303,Phan Văn Thành,2025-10-15 22:28:46,0.0,0.0,0.0,0.0,0.0,0.0,0.0,0.0,0.0,0.0,0.0,0.0,0.0,0.0,0.0,2.0,16.0,0.0,0.0,0.0,0.0,0.0,0.0,0.0,0.0,0.0,0.0,0.0,0.0,0.0,0.0,https://cdn.fstats.ai/fbs/fstat/1726196903442_compressed.png,0.0,CB,https://cdn.fstats.ai/fbs/fstat/1701166512042_compressed.png,0.0,2,19,13,Việt Nam,27/06/2006,183.0,70.0,2,33,2025-08-14T17:00:00Z,Sông Lam Nghệ An,Trung vệ
1309,Nguyễn Minh Quang,2025-10-15 22:28:46,0.0,0.0,0.0,0.0,0.0,0.0,0.0,0.0,0.0,0.0,0.0,0.0,0.0,0.0,0.0,0.0,0.0,0.0,0.0,0.0,0.0,0.0,0.0,0.0,0.0,0.0,0.0,0.0,0.0,0.0,0.0,https://cdn.fstats.ai/fbs/fstat/1726198378588_compressed.png,0.0,,https://cdn.fstats.ai/fbs/fstat/1715846388240_compressed.png,0.0,4,24,43,Việt Nam,03/02/2001,169.0,66.0,2,38,2025-08-14T17:00:00Z,SHB Đà Nẵng,
1312,Helerson Mateus Do Nascimento,2025-10-15 22:28:46,0.0,0.0,0.0,0.0,0.0,0.0,0.0,1.0,0.0,0.0,0.0,1.0,0.0,0.0,6.0,6.0,588.0,0.0,1.0,0.0,0.0,2.0,6.0,0.0,0.0,33.3,3.0,100.0,0.0,33.3,0.0,https://cdn.fstats.ai/fbs/fstat/1726198422559_compressed.png,0.0,CB,https://cdn.fstats.ai/fbs/fstat/1701166425873_compressed.png,0.0,2,27,16,Việt Nam,28/10/1997,190.0,79.0,2,12,2025-08-14T17:00:00Z,Hồng Lĩnh Hà Tĩnh,Trung vệ
1321,Adou Leygley Minh,2025-10-15 22:28:46,0.0,0.0,0.0,0.0,0.0,0.0,0.0,0.0,0.0,0.0,0.0,0.0,0.0,0.0,3.0,4.0,287.0,0.0,0.0,0.0,0.0,2.0,3.0,0.0,0.0,0.0,0.0,0.0,0.0,0.0,0.0,https://cdn.fstats.ai/fbs/fstat/1756375659171_compressed.png,0.0,CB,https://cdn.fstats.ai/fbs/fstat/1701166394954_compressed.png,0.0,2,28,4,Việt Nam,09/09/1997,178.0,74.0,2,38,2025-08-14T17:00:00Z,Công An Hà Nội,Trung vệ
1330,Mbo Noel,2025-10-15 22:28:46,0.0,1.0,0.0,0.0,0.0,0.0,0.0,0.0,0.0,1.0,0.0,0.0,0.0,0.0,1.0,2.0,140.0,0.0,0.0,0.0,0.0,1.0,0.0,0.0,1.0,0.0,2.0,0.0,0.0,0.0,0.0,https://cdn.fstats.ai/fbs/fstat/1726199951084_compressed.png,0.0,CF,https://cdn.fstats.ai/fbs/fstat/1754533850499_compressed.png,0.0,4,26,28,Anh,14/03/1999,185.0,87.0,2,45,2025-08-14T17:00:00Z,Công an TP.HCM,Tiền đạo trung tâm
1333,Võ Quốc Dân,2025-10-15 22:28:46,0.0,0.0,0.0,0.0,0.0,0.0,0.0,0.0,0.0,0.0,0.0,0.0,0.0,0.0,0.0,3.0,0.0,0.0,0.0,0.0,0.0,0.0,0.0,0.0,0.0,0.0,0.0,0.0,0.0,0.0,0.0,https://cdn.fstats.ai/fbs/fstat/1726200216505_compressed.png,0.0,CB,https://cdn.fstats.ai/fbs/fstat/1701166425873_compressed.png,0.0,2,23,16,Việt Nam,10/01/2002,175.0,68.0,2,38,2025-08-14T17:00:00Z,Hồng Lĩnh Hà Tĩnh,Trung vệ
1336,Nguyễn Hoàng Trung Nguyên,2025-10-15 22:28:46,0.0,0.0,0.0,0.0,0.0,0.0,0.0,0.0,0.0,0.0,0.0,0.0,0.0,0.0,0.0,4.0,16.0,0.0,0.0,0.0,0.0,0.0,0.0,0.0,0.0,0.0,0.0,0.0,0.0,0.0,0.0,https://cdn.fstats.ai/fbs/fstat/1726200350594_compressed.png,0.0,CM,https://cdn.fstats.ai/fbs/fstat/1701166425873_compressed.png,0.0,3,24,16,Việt Nam,24/03/2001,168.0,65.0,2,24,2025-08-14T17:00:00Z,Hồng Lĩnh Hà Tĩnh,Tiền vệ trung tâm
1345,Khổng Minh Gia Bảo,2025-10-15 22:28:46,0.0,0.0,0.0,0.0,1.0,0.0,0.0,0.0,0.0,0.0,0.0,0.0,0.0,1.0,5.0,5.0,485.0,0.0,0.0,0.0,0.0,6.0,3.0,0.0,0.0,0.0,2.0,0.0,0.0,0.0,0.0,https://cdn.fstats.ai/fbs/fstat/1726213584000_compressed.png,0.0,CB,https://cdn.fstats.ai/fbs/fstat/1754533850499_compressed.png,0.0,2,25,28,Việt Nam,26/07/2000,175.0,73.0,2,13,2025-08-14T17:00:00Z,Công an TP.HCM,Trung vệ
1351,Silva Da Silva Marciel,2025-10-15 22:28:46,0.0,0.0,0.0,0.0,0.0,0.0,0.0,0.0,0.0,0.0,0.0,0.0,0.0,0.0,3.0,5.0,385.0,0.0,0.0,0.0,0.0,7.0,0.0,0.0,0.0,0.0,5.0,0.0,0.0,0.0,0.0,https://cdn.fstats.ai/fbs/fstat/1726213920875_compressed.png,0.0,CM,https://cdn.fstats.ai/fbs/fstat/1727751772493_compressed.png,0.0,3,30,7,Brazil,08/03/1995,186.0,85.0,2,10,2025-08-14T17:00:00Z,Hoàng Anh Gia Lai,Tiền vệ trung tâm
1354,Lê Vũ Quốc Nhật,2025-10-15 22:28:46,0.0,0.0,0.0,0.0,0.0,0.0,0.0,0.0,0.0,0.0,0.0,0.0,0.0,1.0,0.0,0.0,0.0,0.0,0.0,0.0,0.0,0.0,0.0,0.0,0.0,0.0,0.0,0.0,0.0,0.0,0.0,https://cdn.fstats.ai/fbs/fstat/1726213997039_compressed.png,0.0,,https://cdn.fstats.ai/fbs/fstat/1715846388240_compressed.png,0.0,3,28,43,Việt Nam,16/10/1996,169.0,62.0,2,22,2025-08-14T17:00:00Z,SHB Đà Nẵng,
1390,Eyenga Alain,2025-10-15 22:28:46,0.0,1.0,0.0,0.0,0.0,0.0,0.0,1.0,0.0,0.0,0.0,1.0,0.0,0.0,5.0,6.0,527.0,0.0,0.0,1.0,0.0,2.0,11.0,0.0,1.0,50.0,2.0,100.0,0.0,50.0,0.0,https://cdn.campdi.vn/fbs/fstat/1726392292996_compressed.png,0.0,CB,https://cdn.fstats.ai/fbs/fstat/1722243921956_compressed.png,0.0,2,29,52,Cameroon,12/11/1995,190.0,0.0,2,24,2025-08-14T17:00:00Z,PVF - CAND,Trung vệ
1438,Đinh Quang Kiệt,2025-10-15 22:28:46,0.0,0.0,0.0,0.0,0.0,0.0,0.0,0.0,0.0,0.0,0.0,1.0,0.0,1.0,5.0,5.0,450.0,0.0,0.0,0.0,0.0,5.0,2.0,0.0,0.0,0.0,2.0,0.0,0.0,50.0,0.0,https://dev09-minio.fstats.ai/fbs/fstat/1701326891868_compressed.png,0.0,CB,https://cdn.fstats.ai/fbs/fstat/1727751772493_compressed.png,0.0,2,18,7,Việt Nam,01/01/2007,0.0,0.0,2,5,2025-08-14T17:00:00Z,Hoàng Anh Gia Lai,Trung vệ
1441,Nguyễn Minh Tâm,2025-10-15 22:28:46,0.0,0.0,0.0,0.0,0.0,0.0,0.0,1.0,0.0,0.0,0.0,2.0,1.0,2.0,2.0,3.0,156.0,0.0,1.0,0.0,0.0,5.0,0.0,0.0,0.0,33.3,3.0,100.0,0.0,66.7,0.0,https://dev09-minio.fstats.ai/fbs/fstat/1701326891868_compressed.png,0.0,ST,https://cdn.fstats.ai/fbs/fstat/1727751772493_compressed.png,0.0,4,20,7,Việt Nam,01/01/2005,0.0,0.0,2,12,2025-08-14T17:00:00Z,Hoàng Anh Gia Lai,Tiền đạo cắm
1453,Ugochukwu Ogbonnaya OduenyI,2025-10-15 22:28:46,0.0,0.0,0.0,0.0,0.0,0.0,0.0,2.0,0.0,0.0,0.0,3.0,1.0,0.0,6.0,6.0,498.0,0.0,2.0,0.0,0.0,8.0,0.0,0.0,0.0,16.7,12.0,50.0,50.0,25.0,0.0,https://dev09-minio.fstats.ai/fbs/fstat/1701326891868_compressed.png,0.0,ST,https://cdn.fstats.ai/fbs/fstat/1754537775084_compressed.png,0.0,4,29,40,Nigeria,03/02/1996,0.0,0.0,2,94,2025-08-16T17:00:00Z,BECAMEX HCM CITY,Tiền đạo cắm
1486,Brenner Marlos Varanda De Oliveria,2025-10-15 22:28:46,0.0,1.0,0.0,0.0,0.0,0.0,0.0,0.0,0.0,0.0,0.0,5.0,0.0,0.0,6.0,6.0,553.0,0.0,0.0,0.0,0.0,2.0,0.0,0.0,2.0,0.0,14.0,0.0,0.0,35.7,0.0,https://dev09-minio.fstats.ai/fbs/fstat/1701326891868_compressed.png,0.0,CF,https://cdn.fstats.ai/fbs/fstat/1754537562222_compressed.png,0.0,4,31,1,Brazil,01/03/1994,193.0,76.0,2,35,2025-08-14T17:00:00Z,Thép Xanh Nam Định,Tiền đạo trung tâm
1489,Romulo Da Silva Machado,2025-10-15 22:28:46,0.0,0.0,0.0,0.0,0.0,0.0,0.0,0.0,0.0,0.0,0.0,4.0,4.0,1.0,5.0,5.0,472.0,0.0,0.0,0.0,0.0,9.0,0.0,0.0,0.0,0.0,9.0,0.0,0.0,44.4,0.0,https://dev09-minio.fstats.ai/fbs/fstat/1701326891868_compressed.png,0.0,CM,https://cdn.fstats.ai/fbs/fstat/1754537562222_compressed.png,0.0,3,29,1,Brazil,10/01/1996,182.0,79.0,2,72,2025-08-14T17:00:00Z,Thép Xanh Nam Định,Tiền vệ trung tâm
1492,Imoh Fred Friday,2025-10-15 22:28:46,0.0,2.0,0.0,0.0,3.0,0.0,0.0,3.0,0.0,0.0,0.0,7.0,1.0,0.0,4.0,5.0,430.0,0.0,3.0,0.0,0.0,1.0,0.0,0.0,2.0,25.0,12.0,66.7,33.3,58.3,0.0,https://dev09-minio.fstats.ai/fbs/fstat/1701326891868_compressed.png,0.0,CF,https://cdn.fstats.ai/fbs/fstat/1701166416543_compressed.png,0.0,4,30,31,Nigeria,20/05/1995,187.0,90.0,2,7,2025-08-14T17:00:00Z,Hải Phòng,Tiền đạo trung tâm
1498,Bùi Văn Bình,2025-10-15 22:28:46,0.0,0.0,0.0,0.0,0.0,0.0,0.0,1.0,0.0,0.0,0.0,3.0,0.0,1.0,0.0,5.0,92.0,0.0,1.0,0.0,0.0,2.0,0.0,0.0,0.0,33.3,3.0,100.0,0.0,100.0,0.0,https://dev09-minio.fstats.ai/fbs/fstat/1701326891868_compressed.png,0.0,CF,https://cdn.fstats.ai/fbs/fstat/1754533850499_compressed.png,0.0,4,21,28,Việt Nam,27/12/2003,178.0,74.0,2,27,2025-08-14T17:00:00Z,Công an TP.HCM,Tiền đạo trung tâm
1501,Nguyễn Văn Vinh,2025-10-15 22:28:46,0.0,0.0,0.0,0.0,0.0,0.0,0.0,0.0,0.0,0.0,0.0,0.0,0.0,0.0,1.0,4.0,95.0,0.0,0.0,0.0,0.0,0.0,0.0,0.0,0.0,0.0,0.0,0.0,0.0,0.0,0.0,https://cdn.fstats.ai/fbs/fstat/1744184248510_compressed.png,0.0,ST,https://cdn.fstats.ai/fbs/fstat/1722243921956_compressed.png,0.0,4,25,52,Việt Nam,22/02/2000,178.0,74.0,2,88,2025-08-14T17:00:00Z,PVF - CAND,Tiền đạo cắm
1513,Kévin Pham Ba,2025-10-15 22:28:46,0.0,0.0,0.0,0.0,0.0,0.0,0.0,1.0,0.0,0.0,0.0,2.0,0.0,0.0,1.0,6.0,239.0,0.0,1.0,0.0,0.0,2.0,0.0,0.0,0.0,33.3,3.0,100.0,0.0,66.7,0.0,https://dev09-minio.fstats.ai/fbs/fstat/1701326891868_compressed.png,0.0,CB,https://cdn.fstats.ai/fbs/fstat/1754537562222_compressed.png,0.0,2,31,1,Việt Nam,03/02/1994,181.0,74.0,2,93,2025-08-14T17:00:00Z,Thép Xanh Nam Định,Trung vệ
1516,Damoth ThongKhamSavath,2025-10-15 22:28:46,0.0,0.0,0.0,0.0,0.0,0.0,0.0,0.0,0.0,0.0,0.0,0.0,0.0,0.0,0.0,4.0,48.0,0.0,0.0,0.0,0.0,0.0,0.0,0.0,0.0,0.0,0.0,0.0,0.0,0.0,0.0,https://dev09-minio.fstats.ai/fbs/fstat/1701326891868_compressed.png,0.0,CM,https://cdn.fstats.ai/fbs/fstat/1701166402335_compressed.png,0.0,3,21,37,Lào,13/04/2004,172.0,0.0,2,22,2025-08-14T17:00:00Z,Đông Á Thanh Hóa,Tiền vệ trung tâm
1528,Võ Phước Bảo,2025-10-15 22:28:46,0.0,0.0,0.0,0.0,0.0,0.0,0.0,0.0,0.0,0.0,0.0,0.0,0.0,0.0,2.0,4.0,136.0,0.0,0.0,0.0,0.0,0.0,0.0,0.0,0.0,0.0,0.0,0.0,0.0,0.0,0.0,https://dev09-minio.fstats.ai/fbs/fstat/1701326891868_compressed.png,0.0,CB,https://cdn.fstats.ai/fbs/fstat/1727751772493_compressed.png,0.0,2,21,7,Việt Nam,05/01/2004,174.0,63.0,2,38,2025-08-14T17:00:00Z,Hoàng Anh Gia Lai,Trung vệ
1534,Eid Mahmoud,2025-10-15 22:28:46,0.0,0.0,0.0,0.0,0.0,0.0,0.0,0.0,0.0,0.0,0.0,0.0,0.0,0.0,1.0,1.0,48.0,0.0,0.0,0.0,0.0,4.0,0.0,0.0,0.0,0.0,2.0,0.0,0.0,0.0,0.0,https://dev09-minio.fstats.ai/fbs/fstat/1701326891868_compressed.png,0.0,CM,https://cdn.fstats.ai/fbs/fstat/1754537562222_compressed.png,0.0,3,38,1,brazil,01/01/1987,183.0,75.0,2,12,2025-08-14T17:00:00Z,Thép Xanh Nam Định,Tiền vệ trung tâm
1537,Kyle Farren Hudlin,2025-10-15 22:28:46,0.0,0.0,0.0,0.0,0.0,0.0,0.0,0.0,0.0,0.0,0.0,1.0,0.0,0.0,0.0,4.0,123.0,0.0,0.0,0.0,0.0,2.0,0.0,0.0,0.0,0.0,5.0,0.0,0.0,20.0,0.0,https://dev09-minio.fstats.ai/fbs/fstat/1701326891868_compressed.png,0.0,CF,https://cdn.fstats.ai/fbs/fstat/1754537562222_compressed.png,0.0,4,25,1,brazil,01/01/2000,205.0,80.0,2,37,2025-08-14T17:00:00Z,Thép Xanh Nam Định,Tiền đạo trung tâm
1543,Mauk Stefan Ingo,2025-10-15 22:28:46,0.0,1.0,0.0,0.0,0.0,0.0,0.0,0.0,0.0,0.0,0.0,2.0,0.0,1.0,4.0,4.0,319.0,0.0,0.0,0.0,0.0,1.0,2.0,0.0,1.0,0.0,2.0,0.0,0.0,100.0,0.0,https://cdn.fstats.ai/fbs/fstat/1756375686881_compressed.png,0.0,CM,https://cdn.fstats.ai/fbs/fstat/1701166394954_compressed.png,0.0,3,30,4,Australia,12/10/1995,174.0,64.0,2,6,2025-08-14T17:00:00Z,Công An Hà Nội,Tiền vệ trung tâm
1546,Vũ Thành Vinh,2025-10-15 22:28:46,0.0,0.0,0.0,0.0,0.0,0.0,0.0,0.0,0.0,0.0,0.0,0.0,0.0,0.0,0.0,1.0,0.0,0.0,0.0,0.0,0.0,0.0,0.0,0.0,0.0,0.0,0.0,0.0,0.0,0.0,0.0,https://cdn.fstats.ai/fbs/fstat/1756375743812_compressed.png,1.0,GK,https://cdn.fstats.ai/fbs/fstat/1701166394954_compressed.png,0.0,1,20,4,Việt Nam,10/03/2005,180.0,75.0,2,23,2025-08-14T17:00:00Z,Công An Hà Nội,Thủ môn
1549,Ly Brandon Micheal,2025-10-15 22:28:46,0.0,0.0,0.0,0.0,0.0,0.0,0.0,0.0,0.0,0.0,0.0,0.0,0.0,0.0,0.0,1.0,9.0,0.0,0.0,0.0,0.0,0.0,0.0,0.0,0.0,0.0,0.0,0.0,0.0,0.0,0.0,https://cdn.fstats.ai/fbs/fstat/1756375625549_compressed.png,0.0,CM,https://cdn.fstats.ai/fbs/fstat/1701166394954_compressed.png,0.0,3,19,4,Iceland,07/12/2005,177.0,74.0,2,27,2025-08-14T17:00:00Z,Công An Hà Nội,Tiền vệ trung tâm
1555,Damian An,2025-10-15 22:28:46,0.0,0.0,0.0,0.0,0.0,0.0,0.0,1.0,0.0,0.0,0.0,1.0,0.0,0.0,0.0,2.0,27.0,0.0,1.0,0.0,0.0,0.0,0.0,0.0,0.0,100.0,1.0,100.0,0.0,100.0,0.0,https://dev09-minio.fstats.ai/fbs/fstat/1701326891868_compressed.png,0.0,CM,https://cdn.fstats.ai/fbs/fstat/1701166520282_compressed.png,0.0,3,22,34,Ba Lan,25/08/2003,180.0,79.0,2,66,2025-08-14T17:00:00Z,Thể Công – Viettel,Tiền vệ trung tâm
1561,Ferreira Alves Hugo Miguel,2025-10-15 22:28:46,0.0,1.0,0.0,0.0,0.0,0.0,0.0,0.0,0.0,0.0,0.0,1.0,1.0,0.0,4.0,6.0,410.0,0.0,0.0,0.0,0.0,6.0,0.0,0.0,1.0,0.0,7.0,0.0,0.0,14.3,0.0,https://cdn.fstats.ai/fbs/fstat/1755244501930_compressed.png,0.0,CM,https://cdn.fstats.ai/fbs/fstat/1754537775084_compressed.png,0.0,3,26,40,Bồ Đào Nha,02/09/1999,180.0,73.0,2,6,2025-08-14T17:00:00Z,BECAMEX HCM CITY,Tiền vệ trung tâm
1564,Cao Quốc Khánh,2025-10-15 22:28:46,0.0,0.0,0.0,0.0,0.0,0.0,0.0,0.0,0.0,0.0,0.0,1.0,1.0,0.0,1.0,3.0,75.0,0.0,0.0,0.0,0.0,0.0,0.0,0.0,0.0,0.0,2.0,0.0,0.0,50.0,0.0,https://cdn.fstats.ai/fbs/fstat/1755244754826_compressed.png,0.0,CF,https://cdn.fstats.ai/fbs/fstat/1754537775084_compressed.png,0.0,4,22,40,Việt Nam,27/10/2002,175.0,65.0,2,14,2025-08-14T17:00:00Z,BECAMEX HCM CITY,Tiền đạo trung tâm
1567,Zlatkovic Milos,2025-10-15 22:28:46,0.0,0.0,0.0,0.0,0.0,0.0,0.0,0.0,0.0,0.0,0.0,1.0,0.0,0.0,6.0,6.0,458.0,0.0,0.0,0.0,0.0,3.0,7.0,0.0,0.0,0.0,4.0,0.0,0.0,25.0,0.0,https://dev09-minio.fstats.ai/fbs/fstat/1701326891868_compressed.png,0.0,CB,https://cdn.fstats.ai/fbs/fstat/1754537775084_compressed.png,0.0,2,28,40,Serbia,01/01/1997,186.0,80.0,2,24,2025-08-14T17:00:00Z,BECAMEX HCM CITY,Trung vệ
1570,Ngô Trung Thắng,2025-10-15 22:28:46,0.0,0.0,0.0,0.0,0.0,0.0,0.0,0.0,0.0,0.0,0.0,0.0,0.0,0.0,0.0,5.0,33.0,0.0,0.0,0.0,0.0,0.0,1.0,0.0,0.0,0.0,0.0,0.0,0.0,0.0,0.0,https://dev09-minio.fstats.ai/fbs/fstat/1701326891868_compressed.png,0.0,CB,https://cdn.fstats.ai/fbs/fstat/1727751772493_compressed.png,0.0,2,19,7,Việt Nam,13/11/2005,181.0,73.0,2,2,2025-08-14T17:00:00Z,Hoàng Anh Gia Lai,Trung vệ
1573,Fraga Khevin Rodrigo,2025-10-15 22:28:46,0.0,0.0,0.0,0.0,0.0,0.0,0.0,0.0,0.0,0.0,0.0,0.0,0.0,0.0,2.0,2.0,97.0,0.0,0.0,0.0,0.0,1.0,0.0,0.0,1.0,0.0,4.0,0.0,0.0,0.0,0.0,https://dev09-minio.fstats.ai/fbs/fstat/1701326891868_compressed.png,0.0,CM,https://cdn.fstats.ai/fbs/fstat/1727751772493_compressed.png,0.0,3,28,7,Brazil,03/01/1997,192.0,89.0,2,8,2025-08-14T17:00:00Z,Hoàng Anh Gia Lai,Tiền vệ trung tâm
1576,Da Conceiao Gabriel,2025-10-15 22:28:46,0.0,0.0,0.0,0.0,0.0,0.0,0.0,0.0,0.0,0.0,0.0,1.0,0.0,0.0,3.0,3.0,295.0,0.0,0.0,0.0,0.0,3.0,0.0,0.0,0.0,0.0,3.0,0.0,0.0,33.3,0.0,https://dev09-minio.fstats.ai/fbs/fstat/1701326891868_compressed.png,0.0,CF,https://cdn.fstats.ai/fbs/fstat/1727751772493_compressed.png,0.0,4,24,7,brazil,01/06/2001,180.0,92.0,2,9,2025-08-14T17:00:00Z,Hoàng Anh Gia Lai,Tiền đạo trung tâm
1582,Nguyễn Duy Tâm,2025-10-15 22:28:46,0.0,0.0,0.0,0.0,0.0,0.0,0.0,0.0,0.0,0.0,0.0,0.0,0.0,0.0,1.0,5.0,170.0,0.0,0.0,0.0,0.0,0.0,0.0,0.0,0.0,0.0,0.0,0.0,0.0,0.0,0.0,https://dev09-minio.fstats.ai/fbs/fstat/1701326891868_compressed.png,0.0,CM,https://cdn.fstats.ai/fbs/fstat/1727751772493_compressed.png,0.0,3,23,7,Việt Nam,30/07/2002,165.0,60.0,2,19,2025-08-14T17:00:00Z,Hoàng Anh Gia Lai,Tiền vệ trung tâm
1585,Patrick Marcelino,2025-10-15 22:28:46,0.0,0.0,0.0,0.0,0.0,0.0,0.0,0.0,0.0,0.0,0.0,1.0,0.0,0.0,6.0,6.0,540.0,0.0,0.0,0.0,0.0,5.0,4.0,0.0,0.0,0.0,3.0,0.0,0.0,33.3,0.0,https://dev09-minio.fstats.ai/fbs/fstat/1701326891868_compressed.png,0.0,CB,https://cdn.fstats.ai/fbs/fstat/1754537409346_compressed.png,0.0,2,38,97,Brazil,11/08/1987,190.0,90.0,2,3,2025-08-14T17:00:00Z,Ninh Bình,Trung vệ
1588,Lamothe Pierre,2025-10-15 22:28:46,0.0,0.0,0.0,0.0,0.0,0.0,0.0,0.0,0.0,0.0,0.0,0.0,0.0,0.0,2.0,5.0,178.0,0.0,0.0,0.0,0.0,0.0,0.0,0.0,0.0,0.0,2.0,0.0,0.0,0.0,0.0,https://dev09-minio.fstats.ai/fbs/fstat/1701326891868_compressed.png,0.0,CM,https://cdn.fstats.ai/fbs/fstat/1754538455244_compressed.png,0.0,3,28,19,Canada,18/09/1997,173.0,70.0,2,15,2025-08-14T17:00:00Z,Hà Nội,Tiền vệ trung tâm
1591,Trần Thành Trung,2025-10-15 22:28:46,0.0,0.0,0.0,0.0,0.0,0.0,0.0,0.0,0.0,0.0,0.0,0.0,0.0,0.0,0.0,0.0,0.0,0.0,0.0,0.0,0.0,0.0,0.0,0.0,0.0,0.0,0.0,0.0,0.0,0.0,0.0,https://dev09-minio.fstats.ai/fbs/fstat/1701326891868_compressed.png,0.0,,https://cdn.fstats.ai/fbs/fstat/1754537409346_compressed.png,0.0,3,20,97,Việt Nam,23/05/2005,175.0,72.0,2,8,2025-08-14T17:00:00Z,Ninh Bình,
1594,Huỳnh Tuấn Vũ,2025-10-15 22:28:46,0.0,0.0,0.0,0.0,0.0,0.0,0.0,0.0,0.0,0.0,0.0,0.0,0.0,0.0,0.0,3.0,0.0,0.0,0.0,0.0,0.0,0.0,0.0,0.0,0.0,0.0,0.0,0.0,0.0,0.0,0.0,https://dev09-minio.fstats.ai/fbs/fstat/1701326891868_compressed.png,0.0,CB,https://cdn.fstats.ai/fbs/fstat/1727751772493_compressed.png,0.0,2,23,7,Việt Nam,05/01/2002,170.0,65.0,2,27,2025-08-14T17:00:00Z,Hoàng Anh Gia Lai,Trung vệ
1597,Ferreira Da Silva Adriel Tadeu,2025-10-15 22:28:46,0.0,0.0,0.0,0.0,0.0,0.0,0.0,0.0,0.0,0.0,0.0,0.0,0.0,1.0,2.0,2.0,210.0,0.0,0.0,0.0,0.0,2.0,2.0,0.0,0.0,0.0,0.0,0.0,0.0,0.0,0.0,https://dev09-minio.fstats.ai/fbs/fstat/1701326891868_compressed.png,0.0,LCB,https://cdn.fstats.ai/fbs/fstat/1754538455244_compressed.png,0.0,2,28,19,Brazil,22/05/1997,185.0,78.0,2,35,2025-08-14T17:00:00Z,Hà Nội,Trung vệ trái
1600,Ferreira Moraes William Marlon,2025-10-15 22:28:46,0.0,0.0,0.0,0.0,0.0,0.0,0.0,0.0,0.0,0.0,0.0,0.0,0.0,0.0,4.0,5.0,447.0,0.0,0.0,0.0,0.0,1.0,0.0,0.0,0.0,0.0,2.0,0.0,0.0,0.0,0.0,https://dev09-minio.fstats.ai/fbs/fstat/1701326891868_compressed.png,0.0,CB,https://cdn.fstats.ai/fbs/fstat/1754538455244_compressed.png,0.0,2,29,19,Brazil,14/12/1995,179.0,70.0,2,55,2025-08-14T17:00:00Z,Hà Nội,Trung vệ
1603,Arban Evan Alex Guillaume,2025-10-15 22:28:46,0.0,0.0,0.0,0.0,0.0,0.0,0.0,0.0,0.0,0.0,0.0,0.0,0.0,0.0,0.0,1.0,17.0,0.0,0.0,0.0,0.0,0.0,0.0,0.0,0.0,0.0,0.0,0.0,0.0,0.0,0.0,https://dev09-minio.fstats.ai/fbs/fstat/1701326891868_compressed.png,0.0,CB,https://cdn.fstats.ai/fbs/fstat/1754537409346_compressed.png,0.0,2,20,97,Pháp,12/06/2005,173.0,67.0,2,12,2025-08-14T17:00:00Z,Ninh Bình,Trung vệ
1606,Trần Gia Huy,2025-10-15 22:28:46,0.0,0.0,0.0,0.0,0.0,0.0,0.0,0.0,0.0,0.0,0.0,0.0,0.0,1.0,0.0,5.0,103.0,0.0,0.0,0.0,0.0,3.0,0.0,0.0,0.0,0.0,0.0,0.0,0.0,0.0,0.0,https://dev09-minio.fstats.ai/fbs/fstat/1701326891868_compressed.png,0.0,CM,https://cdn.fstats.ai/fbs/fstat/1727751772493_compressed.png,0.0,3,21,7,Việt Nam,03/11/2003,175.0,65.0,2,68,2025-08-14T17:00:00Z,Hoàng Anh Gia Lai,Tiền vệ trung tâm
1609,Floro Da Silva Daniel,2025-10-15 22:28:46,0.0,1.0,0.0,0.0,0.0,0.0,0.0,2.0,0.0,0.0,0.0,6.0,2.0,1.0,5.0,6.0,427.0,0.0,2.0,0.0,0.0,3.0,0.0,0.0,1.0,18.2,11.0,100.0,0.0,54.5,0.0,https://dev09-minio.fstats.ai/fbs/fstat/1701326891868_compressed.png,0.0,CF,https://cdn.fstats.ai/fbs/fstat/1754538455244_compressed.png,0.0,4,29,19,Brazil,01/06/1996,184.0,85.0,2,99,2025-08-14T17:00:00Z,Hà Nội,Tiền đạo trung tâm
1615,Matheus Felipe Santos Nascimento,2025-10-15 22:28:46,0.0,0.0,0.0,0.0,1.0,0.0,0.0,0.0,0.0,0.0,0.0,0.0,0.0,1.0,6.0,6.0,581.0,0.0,0.0,0.0,0.0,3.0,6.0,0.0,0.0,0.0,0.0,0.0,0.0,0.0,0.0,https://dev09-minio.fstats.ai/fbs/fstat/1701326891868_compressed.png,0.0,CB,https://cdn.fstats.ai/fbs/fstat/1754533850499_compressed.png,0.0,2,26,28,Brazil,09/11/1998,186.0,75.0,2,4,2025-08-14T17:00:00Z,Công an TP.HCM,Trung vệ
1624,Tẩy Văn Toàn,2025-10-15 22:28:46,0.0,0.0,0.0,0.0,0.0,0.0,0.0,0.0,0.0,0.0,0.0,0.0,0.0,1.0,3.0,6.0,267.0,0.0,0.0,0.0,0.0,2.0,0.0,0.0,0.0,0.0,2.0,0.0,0.0,0.0,0.0,https://dev09-minio.fstats.ai/fbs/fstat/1701326891868_compressed.png,0.0,RW,https://cdn.fstats.ai/fbs/fstat/1754533850499_compressed.png,0.0,4,24,28,Việt Nam,28/02/2001,172.0,61.0,2,11,2025-08-14T17:00:00Z,Công an TP.HCM,Tiền đạo cánh phải
1627,Nguyễn Hiểu Minh,2025-10-15 22:28:46,0.0,0.0,0.0,0.0,0.0,0.0,0.0,0.0,0.0,0.0,0.0,0.0,0.0,1.0,6.0,6.0,574.0,0.0,0.0,0.0,0.0,1.0,4.0,0.0,0.0,0.0,0.0,0.0,0.0,0.0,0.0,https://dev09-minio.fstats.ai/fbs/fstat/1701326891868_compressed.png,0.0,CB,https://cdn.fstats.ai/fbs/fstat/1722243921956_compressed.png,0.0,2,21,52,Việt Nam,05/07/2004,184.0,76.0,2,4,2025-08-14T17:00:00Z,PVF - CAND,Trung vệ
1630,Huỳnh Công Đến,2025-10-15 22:28:46,0.0,1.0,0.0,0.0,1.0,0.0,0.0,0.0,0.0,1.0,0.0,1.0,0.0,0.0,3.0,5.0,311.0,0.0,0.0,0.0,0.0,1.0,1.0,0.0,4.0,0.0,2.0,0.0,0.0,50.0,0.0,https://dev09-minio.fstats.ai/fbs/fstat/1701326891868_compressed.png,0.0,CM,https://cdn.fstats.ai/fbs/fstat/1722243921956_compressed.png,0.0,3,24,52,Việt Nam,19/08/2001,163.0,64.0,2,8,2025-08-14T17:00:00Z,PVF - CAND,Tiền vệ trung tâm
1636,Nguyễn Xuân Bắc,2025-10-15 22:28:46,0.0,0.0,0.0,0.0,0.0,0.0,0.0,0.0,0.0,0.0,0.0,1.0,1.0,0.0,6.0,6.0,516.0,0.0,0.0,0.0,0.0,4.0,0.0,0.0,0.0,0.0,5.0,0.0,0.0,20.0,0.0,https://dev09-minio.fstats.ai/fbs/fstat/1701326891868_compressed.png,0.0,CM,https://cdn.fstats.ai/fbs/fstat/1722243921956_compressed.png,0.0,3,22,52,Việt Nam,03/02/2003,174.0,66.0,2,9,2025-08-14T17:00:00Z,PVF - CAND,Tiền vệ trung tâm
1639,Nguyễn Thanh Nhàn,2025-10-15 22:28:46,0.0,0.0,0.0,0.0,2.0,0.0,0.0,1.0,0.0,0.0,0.0,3.0,1.0,1.0,4.0,6.0,430.0,0.0,1.0,0.0,0.0,8.0,0.0,0.0,0.0,14.3,7.0,100.0,0.0,42.9,0.0,https://dev09-minio.fstats.ai/fbs/fstat/1701326891868_compressed.png,0.0,CF,https://cdn.fstats.ai/fbs/fstat/1722243921956_compressed.png,0.0,4,22,52,Việt Nam,28/07/2003,173.0,69.0,2,11,2025-08-14T17:00:00Z,PVF - CAND,Tiền đạo trung tâm
1645,Nguyễn Bảo Long,2025-10-15 22:28:46,0.0,0.0,0.0,0.0,0.0,0.0,0.0,0.0,0.0,0.0,0.0,0.0,0.0,0.0,6.0,6.0,445.0,0.0,0.0,0.0,0.0,4.0,0.0,0.0,0.0,0.0,0.0,0.0,0.0,0.0,0.0,https://dev09-minio.fstats.ai/fbs/fstat/1701326891868_compressed.png,0.0,CB,https://cdn.fstats.ai/fbs/fstat/1722243921956_compressed.png,0.0,2,20,52,Việt Nam,12/08/2005,175.0,65.0,2,12,2025-08-14T17:00:00Z,PVF - CAND,Trung vệ
1648,Nguyễn Đức Phú,2025-10-15 22:28:46,0.0,1.0,0.0,0.0,0.0,0.0,0.0,0.0,0.0,1.0,0.0,0.0,0.0,1.0,6.0,6.0,575.0,0.0,0.0,0.0,0.0,12.0,0.0,0.0,1.0,0.0,3.0,0.0,0.0,0.0,0.0,https://dev09-minio.fstats.ai/fbs/fstat/1701326891868_compressed.png,0.0,CM,https://cdn.fstats.ai/fbs/fstat/1754533850499_compressed.png,0.0,3,22,28,Việt Nam,13/01/2003,170.0,60.0,2,39,2025-08-14T17:00:00Z,Công an TP.HCM,Tiền vệ trung tâm
1651,Thái Bá Đạt,2025-10-15 22:28:46,0.0,0.0,0.0,0.0,0.0,0.0,0.0,1.0,0.0,0.0,0.0,1.0,1.0,0.0,1.0,3.0,68.0,0.0,1.0,0.0,0.0,2.0,0.0,0.0,0.0,50.0,2.0,0.0,100.0,50.0,0.0,https://dev09-minio.fstats.ai/fbs/fstat/1701326891868_compressed.png,0.0,CM,https://cdn.fstats.ai/fbs/fstat/1722243921956_compressed.png,0.0,3,20,52,Việt Nam,23/03/2005,172.0,72.0,2,17,2025-08-14T17:00:00Z,PVF - CAND,Tiền vệ trung tâm
1654,Joseph Shaqkeem Jaylon Khalio,2025-10-15 22:28:46,0.0,0.0,0.0,0.0,1.0,0.0,0.0,0.0,0.0,0.0,0.0,0.0,0.0,0.0,0.0,1.0,22.0,0.0,0.0,0.0,0.0,1.0,0.0,0.0,0.0,0.0,1.0,0.0,0.0,0.0,0.0,https://dev09-minio.fstats.ai/fbs/fstat/1701326891868_compressed.png,0.0,CF,https://cdn.fstats.ai/fbs/fstat/1722243921956_compressed.png,0.0,4,38,52,Trinidad and Tobago,11/08/1987,185.0,79.0,2,19,2025-08-14T17:00:00Z,PVF - CAND,Tiền đạo trung tâm
1657,Lương Thanh Ngọc Lâm,2025-10-15 22:28:46,0.0,0.0,0.0,0.0,0.0,0.0,0.0,0.0,0.0,0.0,0.0,0.0,0.0,0.0,0.0,0.0,0.0,0.0,0.0,0.0,0.0,0.0,0.0,0.0,0.0,0.0,0.0,0.0,0.0,0.0,0.0,https://dev09-minio.fstats.ai/fbs/fstat/1701326891868_compressed.png,0.0,,https://cdn.fstats.ai/fbs/fstat/1754537409346_compressed.png,0.0,3,27,97,Việt Nam,20/09/1998,0.0,0.0,2,77,2025-08-14T17:00:00Z,Ninh Bình,
1660,Đào Văn Chưởng,2025-10-15 22:28:46,0.0,0.0,0.0,0.0,0.0,0.0,0.0,0.0,0.0,0.0,0.0,0.0,0.0,0.0,0.0,1.0,0.0,0.0,0.0,0.0,0.0,0.0,0.0,0.0,0.0,0.0,0.0,0.0,0.0,0.0,0.0,https://dev09-minio.fstats.ai/fbs/fstat/1701326891868_compressed.png,0.0,CB,https://cdn.fstats.ai/fbs/fstat/1722243921956_compressed.png,0.0,2,22,52,Việt Nam,12/02/2003,169.0,58.0,2,31,2025-08-14T17:00:00Z,PVF - CAND,Trung vệ
1663,Phí Minh Long,2025-10-15 22:28:46,0.0,0.0,0.0,0.0,0.0,0.0,0.0,0.0,0.0,0.0,0.0,0.0,0.0,0.0,6.0,6.0,574.0,0.0,0.0,0.0,0.0,0.0,0.0,0.0,0.0,0.0,0.0,0.0,0.0,0.0,0.0,https://dev09-minio.fstats.ai/fbs/fstat/1701326891868_compressed.png,1.0,GK,https://cdn.fstats.ai/fbs/fstat/1722243921956_compressed.png,0.0,1,30,52,Việt Nam,11/02/1995,180.0,76.0,2,33,2025-08-14T17:00:00Z,PVF - CAND,Thủ môn
1666,Serdiuk Yevhenii,2025-10-15 22:28:46,0.0,0.0,0.0,0.0,0.0,0.0,0.0,0.0,0.0,0.0,0.0,0.0,0.0,1.0,0.0,3.0,52.0,0.0,0.0,0.0,0.0,1.0,0.0,0.0,0.0,0.0,1.0,0.0,0.0,0.0,0.0,https://dev09-minio.fstats.ai/fbs/fstat/1701326891868_compressed.png,0.0,CF,https://cdn.fstats.ai/fbs/fstat/1701166425873_compressed.png,0.0,4,27,16,Ukraina,24/04/1998,185.0,78.0,2,10,2025-08-14T17:00:00Z,Hồng Lĩnh Hà Tĩnh,Tiền đạo trung tâm
1669,Phùng Viết Trường,2025-10-15 22:28:46,0.0,0.0,0.0,0.0,0.0,0.0,0.0,0.0,0.0,0.0,0.0,0.0,0.0,1.0,3.0,6.0,280.0,0.0,0.0,0.0,0.0,5.0,0.0,0.0,0.0,0.0,1.0,0.0,0.0,0.0,0.0,https://dev09-minio.fstats.ai/fbs/fstat/1701326891868_compressed.png,0.0,CM,https://cdn.fstats.ai/fbs/fstat/1722243921956_compressed.png,0.0,3,27,52,Việt Nam,05/08/1998,176.0,67.0,2,37,2025-08-14T17:00:00Z,PVF - CAND,Tiền vệ trung tâm
1672,Hà Văn Việt,2025-10-15 22:28:46,0.0,0.0,0.0,0.0,0.0,0.0,0.0,0.0,0.0,0.0,0.0,0.0,0.0,0.0,0.0,1.0,0.0,0.0,0.0,0.0,0.0,0.0,0.0,0.0,0.0,0.0,0.0,0.0,0.0,0.0,0.0,https://dev09-minio.fstats.ai/fbs/fstat/1701326891868_compressed.png,0.0,CB,https://cdn.fstats.ai/fbs/fstat/1722243921956_compressed.png,0.0,2,21,52,Việt Nam,29/02/2004,171.0,68.0,2,79,2025-08-14T17:00:00Z,PVF - CAND,Trung vệ
1681,Daniel Da Silva Dos Anjos,2025-10-15 22:28:46,0.0,1.0,0.0,0.0,0.0,0.0,0.0,2.0,0.0,0.0,0.0,5.0,3.0,0.0,0.0,0.0,0.0,0.0,0.0,0.0,0.0,0.0,0.0,0.0,0.0,0.0,0.0,0.0,0.0,0.0,0.0,https://dev09-minio.fstats.ai/fbs/fstat/1701326891868_compressed.png,0.0,,https://cdn.fstats.ai/fbs/fstat/1754537409346_compressed.png,0.0,4,29,97,Bồ Đào Nha,21/01/1996,180.0,88.0,2,90,2025-08-14T17:00:00Z,Ninh Bình,
1684,Nguyễn Thế Hùng,2025-10-15 22:28:46,0.0,0.0,0.0,0.0,0.0,0.0,0.0,0.0,0.0,0.0,0.0,0.0,0.0,0.0,0.0,0.0,0.0,0.0,0.0,0.0,0.0,0.0,0.0,0.0,0.0,0.0,0.0,0.0,0.0,0.0,0.0,https://dev09-minio.fstats.ai/fbs/fstat/1701326891868_compressed.png,0.0,,https://cdn.fstats.ai/fbs/fstat/1701166425873_compressed.png,0.0,3,23,16,Việt Nam,02/02/2002,171.0,66.0,2,27,2025-08-14T17:00:00Z,Hồng Lĩnh Hà Tĩnh,
1690,Nguyễn Anh Tuấn,2025-10-15 22:28:46,0.0,0.0,0.0,0.0,0.0,0.0,0.0,0.0,0.0,0.0,0.0,0.0,0.0,0.0,0.0,3.0,0.0,0.0,0.0,0.0,0.0,0.0,0.0,0.0,0.0,0.0,0.0,0.0,0.0,0.0,0.0,https://dev09-minio.fstats.ai/fbs/fstat/1701326891868_compressed.png,0.0,RB,https://cdn.fstats.ai/fbs/fstat/1701166425873_compressed.png,0.0,2,20,16,Việt Nam,28/12/2004,177.0,71.0,2,68,2025-08-14T17:00:00Z,Hồng Lĩnh Hà Tĩnh,Hậu vệ phải
1693,Kim Dongsu,2025-10-15 22:28:46,0.0,0.0,0.0,0.0,0.0,0.0,0.0,0.0,0.0,0.0,0.0,0.0,0.0,0.0,0.0,0.0,0.0,0.0,0.0,0.0,0.0,0.0,0.0,0.0,0.0,0.0,0.0,0.0,0.0,0.0,0.0,https://dev09-minio.fstats.ai/fbs/fstat/1701326891868_compressed.png,0.0,,https://cdn.fstats.ai/fbs/fstat/1715846388240_compressed.png,0.0,2,30,43,Hàn Quốc,21/02/1995,188.0,84.0,2,3,2025-08-14T17:00:00Z,SHB Đà Nẵng,
1696,Nguyễn Vadim,2025-10-15 22:28:46,0.0,0.0,0.0,0.0,0.0,0.0,0.0,0.0,0.0,0.0,0.0,0.0,0.0,0.0,0.0,0.0,0.0,0.0,0.0,0.0,0.0,0.0,0.0,0.0,0.0,0.0,0.0,0.0,0.0,0.0,0.0,https://dev09-minio.fstats.ai/fbs/fstat/1701326891868_compressed.png,0.0,,https://cdn.fstats.ai/fbs/fstat/1715846388240_compressed.png,0.0,3,20,43,Việt Nam,22/02/2005,175.0,70.0,2,7,2025-08-14T17:00:00Z,SHB Đà Nẵng,
1699,Milan Makaric,2025-10-15 22:28:46,0.0,0.0,0.0,0.0,0.0,0.0,0.0,2.0,0.0,0.0,0.0,5.0,0.0,0.0,0.0,0.0,0.0,0.0,0.0,0.0,0.0,0.0,0.0,0.0,0.0,0.0,0.0,0.0,0.0,0.0,0.0,https://dev09-minio.fstats.ai/fbs/fstat/1701326891868_compressed.png,0.0,,https://cdn.fstats.ai/fbs/fstat/1715846388240_compressed.png,0.0,4,30,43,Serbia,04/10/1995,185.0,76.0,2,9,2025-08-14T17:00:00Z,SHB Đà Nẵng,
1702,Henen David Boris Philippe,2025-10-15 22:28:46,0.0,1.0,0.0,0.0,0.0,0.0,0.0,3.0,0.0,0.0,0.0,5.0,1.0,1.0,0.0,0.0,0.0,0.0,0.0,0.0,0.0,0.0,0.0,0.0,0.0,0.0,0.0,0.0,0.0,0.0,0.0,https://dev09-minio.fstats.ai/fbs/fstat/1701326891868_compressed.png,0.0,,https://cdn.fstats.ai/fbs/fstat/1715846388240_compressed.png,0.0,4,29,43,Bỉ,19/04/1996,186.0,79.0,2,10,2025-08-14T17:00:00Z,SHB Đà Nẵng,
1705,Nguyễn Duy Thắng,2025-10-15 22:28:46,0.0,0.0,0.0,0.0,0.0,0.0,0.0,0.0,0.0,0.0,0.0,0.0,0.0,1.0,0.0,0.0,0.0,0.0,0.0,0.0,0.0,0.0,0.0,0.0,0.0,0.0,0.0,0.0,0.0,0.0,0.0,https://dev09-minio.fstats.ai/fbs/fstat/1701326891868_compressed.png,0.0,,https://cdn.fstats.ai/fbs/fstat/1715846388240_compressed.png,0.0,2,25,43,Việt Nam,28/09/2000,170.0,60.0,2,81,2025-08-14T17:00:00Z,SHB Đà Nẵng,
1708,Emerson Santos De Souza,2025-10-15 22:28:46,0.0,0.0,0.0,0.0,0.0,0.0,0.0,0.0,0.0,0.0,0.0,2.0,1.0,0.0,0.0,0.0,0.0,0.0,0.0,0.0,0.0,0.0,0.0,0.0,0.0,0.0,0.0,0.0,0.0,0.0,0.0,https://dev09-minio.fstats.ai/fbs/fstat/1701326891868_compressed.png,0.0,,https://cdn.fstats.ai/fbs/fstat/1715846388240_compressed.png,0.0,3,27,43,Brazil,18/12/1997,185.0,79.0,2,97,2025-08-14T17:00:00Z,SHB Đà Nẵng,
1711,Reon Dale Moore,2025-10-15 22:28:46,0.0,0.0,0.0,0.0,0.0,0.0,0.0,1.0,0.0,0.0,0.0,1.0,0.0,0.0,1.0,5.0,240.0,0.0,1.0,0.0,0.0,0.0,0.0,0.0,0.0,20.0,5.0,100.0,0.0,20.0,0.0,https://dev09-minio.fstats.ai/fbs/fstat/1701326891868_compressed.png,0.0,CF,https://cdn.fstats.ai/fbs/fstat/1701166512042_compressed.png,0.0,4,29,13,Trinidad & Tobago,22/09/1996,185.0,78.0,2,10,2025-08-14T17:00:00Z,Sông Lam Nghệ An,Tiền đạo trung tâm
1714,Mamadou Mbodji,2025-10-15 22:28:46,0.0,0.0,0.0,0.0,0.0,0.0,0.0,2.0,0.0,0.0,0.0,2.0,0.0,2.0,6.0,6.0,564.0,0.0,0.0,2.0,0.0,6.0,3.0,0.0,0.0,66.7,3.0,100.0,0.0,66.7,0.0,https://dev09-minio.fstats.ai/fbs/fstat/1701326891868_compressed.png,0.0,CB,https://cdn.fstats.ai/fbs/fstat/1701166402335_compressed.png,0.0,2,32,37,Senegal,12/03/1993,188.0,88.0,2,13,2025-08-14T17:00:00Z,Đông Á Thanh Hóa,Trung vệ
1717,Lucas Ribamar Lopes dos Santos Bibiano,2025-10-15 22:28:46,0.0,0.0,0.0,0.0,0.0,0.0,0.0,0.0,0.0,0.0,0.0,1.0,1.0,0.0,1.0,2.0,70.0,0.0,0.0,0.0,0.0,0.0,0.0,0.0,0.0,0.0,3.0,0.0,0.0,33.3,0.0,https://dev09-minio.fstats.ai/fbs/fstat/1701326891868_compressed.png,0.0,CF,https://cdn.fstats.ai/fbs/fstat/1701166402335_compressed.png,0.0,4,28,37,Brazil,21/05/1997,184.0,81.0,2,20,2025-08-14T17:00:00Z,Đông Á Thanh Hóa,Tiền đạo trung tâm
1720,Trần Ngọc Sơn,2025-10-15 22:28:46,0.0,0.0,0.0,0.0,0.0,0.0,0.0,0.0,0.0,0.0,0.0,0.0,0.0,0.0,0.0,0.0,0.0,0.0,0.0,0.0,0.0,0.0,0.0,0.0,0.0,0.0,0.0,0.0,0.0,0.0,0.0,https://dev09-minio.fstats.ai/fbs/fstat/1701326891868_compressed.png,0.0,,https://cdn.fstats.ai/fbs/fstat/1715846388240_compressed.png,0.0,2,21,43,Việt Nam,22/11/2003,173.0,70.0,2,27,2025-08-14T17:00:00Z,SHB Đà Nẵng,
1726,Carlos Enrique Renteria Olaya,2025-10-15 22:28:46,0.0,0.0,0.0,0.0,0.0,0.0,0.0,0.0,0.0,0.0,0.0,0.0,0.0,0.0,0.0,0.0,0.0,0.0,0.0,0.0,0.0,0.0,0.0,0.0,0.0,0.0,0.0,0.0,0.0,0.0,0.0,https://dev09-minio.fstats.ai/fbs/fstat/1701326891868_compressed.png,0.0,,https://cdn.fstats.ai/fbs/fstat/1701166512042_compressed.png,0.0,3,30,13,Colombia,05/07/1995,181.0,80.0,2,77,2025-08-14T17:00:00Z,Sông Lam Nghệ An,
1729,Justin Julian Garcia,2025-10-15 22:28:46,0.0,0.0,0.0,0.0,0.0,0.0,0.0,1.0,0.0,0.0,1.0,1.0,0.0,0.0,0.0,0.0,0.0,0.0,0.0,0.0,0.0,0.0,0.0,0.0,0.0,0.0,0.0,0.0,0.0,0.0,0.0,https://dev09-minio.fstats.ai/fbs/fstat/1701326891868_compressed.png,0.0,,https://cdn.fstats.ai/fbs/fstat/1701166512042_compressed.png,0.0,2,29,13,Trinidad & Tobago,26/10/1995,181.0,80.0,2,62,2025-08-14T17:00:00Z,Sông Lam Nghệ An,
1732,Origbaajo Ismaila,2025-10-15 22:28:46,0.0,0.0,0.0,0.0,0.0,0.0,0.0,1.0,0.0,0.0,0.0,4.0,1.0,0.0,2.0,6.0,295.0,0.0,1.0,0.0,0.0,4.0,0.0,0.0,0.0,11.1,9.0,100.0,0.0,44.4,0.0,https://dev09-minio.fstats.ai/fbs/fstat/1701326891868_compressed.png,0.0,ST,https://cdn.fstats.ai/fbs/fstat/1754537775084_compressed.png,0.0,4,27,40,Nigeria,04/08/1998,188.0,76.0,2,99,2025-08-16T17:00:00Z,BECAMEX HCM CITY,Tiền đạo cắm
1735,Huỳnh Minh Đoàn,2025-10-15 22:28:46,0.0,0.0,0.0,0.0,0.0,0.0,0.0,0.0,0.0,0.0,0.0,0.0,0.0,0.0,3.0,5.0,266.0,0.0,0.0,0.0,0.0,0.0,0.0,0.0,0.0,0.0,0.0,0.0,0.0,0.0,0.0,https://dev09-minio.fstats.ai/fbs/fstat/1701326891868_compressed.png,0.0,CB,https://cdn.fstats.ai/fbs/fstat/1701166402335_compressed.png,0.0,2,23,37,Việt Nam,01/01/2002,0.0,0.0,2,6,2025-08-14T17:00:00Z,Đông Á Thanh Hóa,Trung vệ
1738,Schorr Utzig Raphael,2025-10-15 22:28:46,0.0,1.0,0.0,0.0,0.0,0.0,0.0,0.0,0.0,0.0,0.0,0.0,0.0,0.0,5.0,5.0,447.0,0.0,0.0,0.0,0.0,5.0,0.0,0.0,1.0,0.0,4.0,0.0,0.0,0.0,0.0,https://dev09-minio.fstats.ai/fbs/fstat/1701326891868_compressed.png,0.0,CF,https://cdn.fstats.ai/fbs/fstat/1754533850499_compressed.png,0.0,4,29,28,Brazil,01/01/1996,0.0,0.0,2,10,2025-08-14T17:00:00Z,Công an TP.HCM,Tiền đạo trung tâm
1741,Luiz Fernando Nascimento,2025-10-15 22:28:46,0.0,0.0,0.0,0.0,0.0,0.0,0.0,2.0,0.0,0.0,0.0,6.0,2.0,1.0,5.0,5.0,378.0,0.0,2.0,0.0,0.0,3.0,0.0,0.0,0.0,22.2,9.0,50.0,50.0,66.7,0.0,https://dev09-minio.fstats.ai/fbs/fstat/1701326891868_compressed.png,0.0,CF,https://cdn.fstats.ai/fbs/fstat/1754538455244_compressed.png,0.0,4,28,19,Brazil,01/01/1997,0.0,0.0,2,80,2025-08-14T17:00:00Z,Hà Nội,Tiền đạo trung tâm
1744,Makrillos Peter,2025-10-15 22:28:46,0.0,1.0,0.0,0.0,0.0,0.0,0.0,1.0,0.0,0.0,0.0,1.0,0.0,1.0,2.0,4.0,257.0,0.0,0.0,1.0,0.0,4.0,0.0,0.0,1.0,16.7,6.0,100.0,0.0,16.7,0.0,https://dev09-minio.fstats.ai/fbs/fstat/1701326891868_compressed.png,0.0,CF,https://cdn.fstats.ai/fbs/fstat/1754533850499_compressed.png,0.0,4,30,28,Brazil,01/01/1995,0.0,0.0,2,7,2025-08-24T17:00:00Z,Công an TP.HCM,Tiền đạo trung tâm
1762,Lê Khá Đức,2025-10-15 22:28:46,0.0,0.0,0.0,0.0,0.0,0.0,0.0,0.0,0.0,0.0,0.0,0.0,0.0,1.0,2.0,3.0,131.0,0.0,0.0,0.0,0.0,3.0,0.0,0.0,0.0,0.0,0.0,0.0,0.0,0.0,0.0,https://dev09-minio.fstats.ai/fbs/fstat/1701326891868_compressed.png,0.0,CB,https://cdn.fstats.ai/fbs/fstat/1754533850499_compressed.png,0.0,2,18,28,Việt Nam,01/01/2007,169.0,64.0,2,5,2025-09-11T17:00:00Z,Công an TP.HCM,Trung vệ
1780,De Oliveira Coelho Marco Antonino,2025-10-15 22:28:46,0.0,0.0,0.0,0.0,0.0,0.0,0.0,0.0,0.0,0.0,0.0,0.0,0.0,0.0,3.0,3.0,193.0,0.0,0.0,0.0,0.0,1.0,0.0,0.0,0.0,0.0,3.0,0.0,0.0,0.0,0.0,https://dev09-minio.fstats.ai/fbs/fstat/1701326891868_compressed.png,0.0,CM,https://cdn.fstats.ai/fbs/fstat/1722243921956_compressed.png,0.0,3,0,52,Brazil,01/01/2026,180.0,75.0,2,57,2025-09-17T17:00:00Z,PVF - CAND,Tiền vệ trung tâm
1783,Nguyễn Phương Nam,2025-10-15 22:28:46,0.0,0.0,0.0,0.0,0.0,0.0,0.0,0.0,0.0,0.0,0.0,0.0,0.0,0.0,0.0,1.0,0.0,0.0,0.0,0.0,0.0,0.0,0.0,0.0,0.0,0.0,0.0,0.0,0.0,0.0,0.0,https://dev09-minio.fstats.ai/fbs/fstat/1701326891868_compressed.png,0.0,CB,https://cdn.fstats.ai/fbs/fstat/1722243921956_compressed.png,0.0,2,22,52,Việt Nam,01/01/2003,174.0,690.0,2,15,2025-09-17T17:00:00Z,PVF - CAND,Trung vệ
1786,Percy Muzi Tau,2025-10-15 22:28:46,0.0,0.0,0.0,0.0,0.0,0.0,0.0,0.0,0.0,0.0,0.0,1.0,0.0,0.0,0.0,2.0,86.0,0.0,0.0,0.0,0.0,0.0,0.0,0.0,0.0,0.0,2.0,0.0,0.0,50.0,0.0,https://dev09-minio.fstats.ai/fbs/fstat/1701326891868_compressed.png,0.0,CM,https://cdn.fstats.ai/fbs/fstat/1754537562222_compressed.png,0.0,3,31,1,Nam Phi,01/01/1994,168.0,64.0,2,22,2025-09-18T17:00:00Z,Thép Xanh Nam Định,Tiền vệ trung tâm
